timestamp,temperature
2026-07-08T14:15:33.286243,58.4
2026-07-08T14:15:34.287585,58.4
2026-07-08T14:15:35.288701,59.5
2026-07-08T14:15:36.290004,59.5
2026-07-08T14:15:37.291116,58.4
2026-07-08T14:15:38.294069,64.45
2026-07-08T14:15:39.299770,65.55
2026-07-08T14:15:40.300797,65.0
2026-07-08T14:15:41.301785,63.9
2026-07-08T14:15:42.302749,62.25
2026-07-08T14:15:43.303789,61.7
2026-07-08T14:15:44.304747,62.25
2026-07-08T14:15:45.313346,65.55
2026-07-08T14:15:46.314772,67.2
2026-07-08T14:15:47.315864,69.95
2026-07-08T14:15:48.317415,71.05
2026-07-08T14:15:49.318859,72.15
2026-07-08T14:15:50.320017,69.4
2026-07-08T14:15:51.320984,67.75
2026-07-08T14:15:52.321961,66.65
2026-07-08T14:15:53.322916,65.0
2026-07-08T14:15:54.323885,65.0
2026-07-08T14:15:55.324852,63.35
2026-07-08T14:15:56.326107,63.35
2026-07-08T14:15:57.327324,61.7
2026-07-08T14:15:58.328463,61.7
2026-07-08T14:15:59.329760,62.8
2026-07-08T14:16:00.331048,61.7
2026-07-08T14:16:01.332279,62.25
2026-07-08T14:16:02.333590,61.15
2026-07-08T14:16:03.334864,60.6
2026-07-08T14:16:04.336132,61.15
2026-07-08T14:16:05.337476,61.15
2026-07-08T14:16:06.338457,63.9
2026-07-08T14:16:07.339414,63.35
2026-07-08T14:16:08.340378,62.8
2026-07-08T14:16:09.341301,62.8
2026-07-08T14:16:10.342267,62.8
2026-07-08T14:16:11.343442,62.8
2026-07-08T14:16:12.344700,61.7
2026-07-08T14:16:13.345886,61.15
2026-07-08T14:16:14.351079,67.2
2026-07-08T14:16:15.352832,68.85
2026-07-08T14:16:16.359038,69.95
2026-07-08T14:16:17.360139,67.75
2026-07-08T14:16:18.361401,66.1
2026-07-08T14:16:19.362640,65.55
2026-07-08T14:16:20.363992,65.55
2026-07-08T14:16:21.364994,63.9
2026-07-08T14:16:22.365968,64.45
2026-07-08T14:16:23.366925,64.45
2026-07-08T14:16:24.368943,67.75
2026-07-08T14:16:25.369967,66.1
2026-07-08T14:16:26.370938,63.9
2026-07-08T14:16:27.371893,65.0
2026-07-08T14:16:28.372850,64.45
2026-07-08T14:16:29.374094,63.9
2026-07-08T14:16:30.375293,61.7
2026-07-08T14:16:31.376550,62.8
2026-07-08T14:16:32.377829,62.25
2026-07-08T14:16:33.379762,66.1
2026-07-08T14:16:34.380758,64.45
2026-07-08T14:16:35.381733,63.35
2026-07-08T14:16:36.382698,63.9
2026-07-08T14:16:37.383664,63.9
2026-07-08T14:16:38.384903,63.35
2026-07-08T14:16:39.386340,66.65
2026-07-08T14:16:40.387551,65.0
2026-07-08T14:16:41.388528,63.35
2026-07-08T14:16:42.389505,64.45
2026-07-08T14:16:43.390558,62.8
2026-07-08T14:16:44.391867,63.35
2026-07-08T14:16:45.393158,63.35
2026-07-08T14:16:46.394136,65.55
2026-07-08T14:16:47.395171,62.8
2026-07-08T14:16:48.396133,62.8
2026-07-08T14:16:49.397095,63.35
2026-07-08T14:16:50.398082,63.35
2026-07-08T14:16:51.399268,63.9
2026-07-08T14:16:52.400453,66.65
2026-07-08T14:16:53.401502,64.45
2026-07-08T14:16:54.402476,63.9
2026-07-08T14:16:55.403451,63.9
2026-07-08T14:16:56.404423,63.9
2026-07-08T14:16:57.405558,67.75
2026-07-08T14:16:58.406558,66.1
2026-07-08T14:16:59.407613,65.55
2026-07-08T14:17:00.408588,65.55
2026-07-08T14:17:01.409658,65.0
2026-07-08T14:17:02.410918,63.9
2026-07-08T14:17:03.412179,62.8
2026-07-08T14:17:04.413407,62.8
2026-07-08T14:17:05.414674,61.15
2026-07-08T14:17:06.417134,64.45
2026-07-08T14:17:07.421568,68.3
2026-07-08T14:17:08.424708,68.3
2026-07-08T14:17:09.428322,69.95
2026-07-08T14:17:10.429777,67.2
2026-07-08T14:17:11.431087,66.65
2026-07-08T14:17:12.432333,66.65
2026-07-08T14:17:13.433536,65.55
2026-07-08T14:17:14.435357,69.95
2026-07-08T14:17:15.436539,67.75
2026-07-08T14:17:16.438638,66.1
2026-07-08T14:17:17.440137,64.45
2026-07-08T14:17:18.441811,63.9
2026-07-08T14:17:19.443066,63.9
2026-07-08T14:17:20.444750,67.75
2026-07-08T14:17:21.445844,67.75
2026-07-08T14:17:22.446820,64.45
2026-07-08T14:17:23.447792,63.9
2026-07-08T14:17:24.448761,63.9
2026-07-08T14:17:25.450034,62.8
2026-07-08T14:17:26.451293,63.35
2026-07-08T14:17:27.456902,65.55
2026-07-08T14:17:28.458326,65.55
2026-07-08T14:17:29.461948,67.75
2026-07-08T14:17:30.463082,71.05
2026-07-08T14:17:31.464082,67.75
2026-07-08T14:17:32.465119,66.1
2026-07-08T14:17:33.466209,67.2
2026-07-08T14:17:34.469175,69.4
2026-07-08T14:17:35.470201,67.2
2026-07-08T14:17:36.471166,66.65
2026-07-08T14:17:37.472430,63.9
2026-07-08T14:17:38.473733,63.35
2026-07-08T14:17:39.474931,63.9
2026-07-08T14:17:40.475962,64.45
2026-07-08T14:17:41.477071,66.65
2026-07-08T14:17:42.478069,65.0
2026-07-08T14:17:43.479043,64.45
2026-07-08T14:17:44.480019,64.45
2026-07-08T14:17:45.481219,63.35
2026-07-08T14:17:46.482496,62.8
2026-07-08T14:17:47.483714,62.8
2026-07-08T14:17:48.486061,67.2
2026-07-08T14:17:49.487261,65.0
2026-07-08T14:17:50.488244,65.0
2026-07-08T14:17:51.489233,64.45
2026-07-08T14:17:52.490232,63.9
2026-07-08T14:17:53.493495,67.2
2026-07-08T14:17:54.495145,65.0
2026-07-08T14:17:55.497522,65.55
2026-07-08T14:17:56.500810,65.0
2026-07-08T14:17:57.503402,64.45
2026-07-08T14:17:58.505972,62.8
2026-07-08T14:17:59.507383,62.8
2026-07-08T14:18:00.508808,61.7
2026-07-08T14:18:01.512274,64.45
2026-07-08T14:18:02.513947,68.3
2026-07-08T14:18:03.515005,65.55
2026-07-08T14:18:04.515973,65.0
2026-07-08T14:18:05.516946,65.0
2026-07-08T14:18:06.518106,62.8
2026-07-08T14:18:07.524825,63.35
2026-07-08T14:18:08.526078,61.7
2026-07-08T14:18:09.527313,61.7
2026-07-08T14:18:10.528554,62.25
2026-07-08T14:18:11.529537,64.45
2026-07-08T14:18:12.530506,62.25
2026-07-08T14:18:13.531466,62.8
2026-07-08T14:18:14.532418,62.25
2026-07-08T14:18:15.533391,62.8
2026-07-08T14:18:16.534671,62.8
2026-07-08T14:18:17.536380,61.7
2026-07-08T14:18:18.537455,65.0
2026-07-08T14:18:19.538410,63.9
2026-07-08T14:18:20.539377,64.45
2026-07-08T14:18:21.540347,63.35
2026-07-08T14:18:22.541325,63.9
2026-07-08T14:18:23.542514,63.35
2026-07-08T14:18:24.543661,62.8
2026-07-08T14:18:25.544818,62.25
2026-07-08T14:18:26.546053,66.65
2026-07-08T14:18:27.547372,69.95
2026-07-08T14:18:28.549021,71.6
2026-07-08T14:18:29.550358,72.15
2026-07-08T14:18:30.551460,70.5
2026-07-08T14:18:31.552434,67.75
2026-07-08T14:18:32.553424,67.2
2026-07-08T14:18:33.554398,65.55
2026-07-08T14:18:34.555490,70.5
2026-07-08T14:18:35.556673,67.75
2026-07-08T14:18:36.558023,66.65
2026-07-08T14:18:37.559226,65.55
2026-07-08T14:18:38.560427,64.45
2026-07-08T14:18:39.561647,62.8
2026-07-08T14:18:40.562892,61.7
2026-07-08T14:18:41.565335,62.8
2026-07-08T14:18:42.567156,62.8
2026-07-08T14:18:43.570075,61.7
2026-07-08T14:18:44.572032,61.15
2026-07-08T14:18:45.574099,61.7
2026-07-08T14:18:46.575926,60.6
2026-07-08T14:18:47.577479,61.15
2026-07-08T14:18:48.578927,61.7
2026-07-08T14:18:49.580375,61.15
2026-07-08T14:18:50.581675,65.0
2026-07-08T14:18:51.582649,63.35
2026-07-08T14:18:52.583637,62.25
2026-07-08T14:18:53.584602,63.35
2026-07-08T14:18:54.585653,63.9
2026-07-08T14:18:55.589306,65.55
2026-07-08T14:18:56.591828,68.85
2026-07-08T14:18:57.595708,66.1
2026-07-08T14:18:58.596677,65.55
2026-07-08T14:18:59.597682,65.55
2026-07-08T14:19:00.598822,63.9
2026-07-08T14:19:01.600413,68.3
2026-07-08T14:19:02.601776,70.5
2026-07-08T14:19:03.604062,72.15
2026-07-08T14:19:04.605592,72.15
2026-07-08T14:19:05.606766,74.35
2026-07-08T14:19:06.608546,74.9
2026-07-08T14:19:07.609681,75.45
2026-07-08T14:19:08.610869,76.0
2026-07-08T14:19:09.612320,76.55
2026-07-08T14:19:10.614249,77.1
2026-07-08T14:19:11.615849,77.1
2026-07-08T14:19:12.617404,77.65
2026-07-08T14:19:13.618952,77.1
2026-07-08T14:19:14.620106,78.2
2026-07-08T14:19:15.621666,78.75
2026-07-08T14:19:16.622814,74.9
2026-07-08T14:19:17.623955,73.8
2026-07-08T14:19:18.624972,74.9
2026-07-08T14:19:19.626036,72.15
2026-07-08T14:19:20.627012,69.95
2026-07-08T14:19:21.628237,68.3
2026-07-08T14:19:22.629518,67.75
2026-07-08T14:19:23.630745,71.05
2026-07-08T14:19:24.632709,72.7
2026-07-08T14:19:25.634367,74.35
2026-07-08T14:19:26.635673,74.9
2026-07-08T14:19:27.636915,76.55
2026-07-08T14:19:28.638178,76.55
2026-07-08T14:19:29.642757,73.25
2026-07-08T14:19:30.647940,76.0
2026-07-08T14:19:31.650193,76.0
2026-07-08T14:19:32.659229,77.65
2026-07-08T14:19:33.661107,77.1
2026-07-08T14:19:34.662676,78.2
2026-07-08T14:19:35.663694,73.8
2026-07-08T14:19:36.664740,71.6
2026-07-08T14:19:37.665732,69.95
2026-07-08T14:19:38.666920,68.3
2026-07-08T14:19:39.668177,68.3
2026-07-08T14:19:40.669294,71.05
2026-07-08T14:19:41.670432,69.95
2026-07-08T14:19:42.671408,68.3
2026-07-08T14:19:43.672385,67.75
2026-07-08T14:19:44.673380,67.75
2026-07-08T14:19:45.674526,65.55
2026-07-08T14:19:46.675728,64.45
2026-07-08T14:19:47.676954,65.0
2026-07-08T14:19:48.678261,63.9
2026-07-08T14:19:49.679519,63.35
2026-07-08T14:19:50.680788,63.35
2026-07-08T14:19:51.682061,63.35
2026-07-08T14:19:52.683273,63.35
2026-07-08T14:19:53.684535,62.25
2026-07-08T14:19:54.685869,62.25
2026-07-08T14:19:55.687077,62.25
2026-07-08T14:19:56.688573,63.35
2026-07-08T14:19:57.690201,67.75
2026-07-08T14:19:58.691212,63.9
2026-07-08T14:19:59.692194,64.45
2026-07-08T14:20:00.694578,66.1
2026-07-08T14:20:01.696480,69.4
2026-07-08T14:20:02.697645,71.05
2026-07-08T14:20:03.702319,72.15
2026-07-08T14:20:04.703349,68.85
2026-07-08T14:20:05.704335,67.75
2026-07-08T14:20:06.705385,67.75
2026-07-08T14:20:07.706416,65.55
2026-07-08T14:20:08.707376,66.1
2026-07-08T14:20:09.709204,65.55
2026-07-08T14:20:10.710283,65.0
2026-07-08T14:20:11.712630,64.45
2026-07-08T14:20:12.714757,68.3
2026-07-08T14:20:13.718500,65.0
2026-07-08T14:20:14.719986,65.55
2026-07-08T14:20:15.721216,63.35
2026-07-08T14:20:16.724564,67.2
2026-07-08T14:20:17.725817,67.2
2026-07-08T14:20:18.727301,66.1
2026-07-08T14:20:19.728979,66.65
2026-07-08T14:20:20.730031,66.65
2026-07-08T14:20:21.731050,65.0
2026-07-08T14:20:22.733604,63.9
2026-07-08T14:20:23.735553,66.65
2026-07-08T14:20:24.736597,66.1
2026-07-08T14:20:25.737654,65.55
2026-07-08T14:20:26.738627,65.0
2026-07-08T14:20:27.739601,64.45
2026-07-08T14:20:28.741661,67.75
2026-07-08T14:20:29.743259,66.65
2026-07-08T14:20:30.744296,64.45
2026-07-08T14:20:31.745344,65.0
2026-07-08T14:20:32.746588,67.2
2026-07-08T14:20:33.748043,65.55
2026-07-08T14:20:34.749310,63.35
2026-07-08T14:20:35.750543,62.25
2026-07-08T14:20:36.751905,62.25
2026-07-08T14:20:37.753097,62.25
2026-07-08T14:20:38.754392,65.0
2026-07-08T14:20:39.755594,65.55
2026-07-08T14:20:40.756630,65.0
2026-07-08T14:20:41.757618,63.35
2026-07-08T14:20:42.758593,63.9
2026-07-08T14:20:43.759844,62.25
2026-07-08T14:20:44.761270,64.45
2026-07-08T14:20:45.762522,67.75
2026-07-08T14:20:46.763538,65.55
2026-07-08T14:20:47.764517,65.0
2026-07-08T14:20:48.765492,64.45
2026-07-08T14:20:49.766690,64.45
2026-07-08T14:20:50.767879,63.35
2026-07-08T14:20:51.769071,62.8
2026-07-08T14:20:52.770333,61.7
2026-07-08T14:20:53.774281,67.75
2026-07-08T14:20:54.775290,66.1
2026-07-08T14:20:55.776313,65.55
2026-07-08T14:20:56.777362,64.45
2026-07-08T14:20:57.778328,64.45
2026-07-08T14:20:58.779508,63.35
2026-07-08T14:20:59.783135,62.8
2026-07-08T14:21:00.784434,66.65
2026-07-08T14:21:01.785498,65.0
2026-07-08T14:21:02.787116,64.45
2026-07-08T14:21:03.789403,63.9
2026-07-08T14:21:04.791617,63.9
2026-07-08T14:21:05.794634,61.15
2026-07-08T14:21:06.796979,64.45
2026-07-08T14:21:07.798096,65.55
2026-07-08T14:21:08.799315,63.35
2026-07-08T14:21:09.800514,64.45
2026-07-08T14:21:10.802378,63.9
2026-07-08T14:21:11.803763,63.35
2026-07-08T14:21:12.805663,67.2
2026-07-08T14:21:13.807951,68.85
2026-07-08T14:21:14.809480,69.4
2026-07-08T14:21:15.811398,71.05
2026-07-08T14:21:16.813931,72.15
2026-07-08T14:21:17.815087,73.25
2026-07-08T14:21:18.816060,69.95
2026-07-08T14:21:19.817026,67.2
2026-07-08T14:21:20.818066,67.75
2026-07-08T14:21:21.819022,66.1
2026-07-08T14:21:22.820267,66.1
2026-07-08T14:21:23.821484,65.55
2026-07-08T14:21:24.822740,63.9
2026-07-08T14:21:25.824008,63.35
2026-07-08T14:21:26.825212,63.35
2026-07-08T14:21:27.826443,62.8
2026-07-08T14:21:28.827692,62.25
2026-07-08T14:21:29.828945,62.25
2026-07-08T14:21:30.830156,62.25
2026-07-08T14:21:31.831350,62.25
2026-07-08T14:21:32.832560,61.7
2026-07-08T14:21:33.833740,61.15
2026-07-08T14:21:34.835540,61.7
2026-07-08T14:21:35.838669,66.1
2026-07-08T14:21:36.840116,68.85
2026-07-08T14:21:37.841418,70.5
2026-07-08T14:21:38.842538,71.6
2026-07-08T14:21:39.843980,72.7
2026-07-08T14:21:40.845752,73.25
2026-07-08T14:21:41.847261,73.25
2026-07-08T14:21:42.848290,73.8
2026-07-08T14:21:43.849606,73.8
2026-07-08T14:21:44.850786,72.15
2026-07-08T14:21:45.851769,70.5
2026-07-08T14:21:46.852754,69.4
2026-07-08T14:21:47.853765,68.3
2026-07-08T14:21:48.855235,70.5
2026-07-08T14:21:49.859704,67.2
2026-07-08T14:21:50.861734,65.55
2026-07-08T14:21:51.864144,66.1
2026-07-08T14:21:52.866873,63.9
2026-07-08T14:21:53.874393,69.4
2026-07-08T14:21:54.875422,65.55
2026-07-08T14:21:55.876407,66.1
2026-07-08T14:21:56.877391,66.1
2026-07-08T14:21:57.878357,65.55
2026-07-08T14:21:58.879554,64.45
2026-07-08T14:21:59.880803,63.35
2026-07-08T14:22:00.882071,62.25
2026-07-08T14:22:01.883334,63.35
2026-07-08T14:22:02.884642,62.8
2026-07-08T14:22:03.886090,67.2
2026-07-08T14:22:04.887836,69.4
2026-07-08T14:22:05.889251,69.4
2026-07-08T14:22:06.890290,66.65
2026-07-08T14:22:07.891261,66.65
2026-07-08T14:22:08.892232,63.9
2026-07-08T14:22:09.893189,65.0
2026-07-08T14:22:10.894159,65.0
2026-07-08T14:22:11.895116,63.9
2026-07-08T14:22:12.896181,67.2
2026-07-08T14:22:13.897474,65.0
2026-07-08T14:22:14.898720,64.45
2026-07-08T14:22:15.900171,63.35
2026-07-08T14:22:16.901408,63.35
2026-07-08T14:22:17.902655,62.8
2026-07-08T14:22:18.904440,67.2
2026-07-08T14:22:19.905451,65.0
2026-07-08T14:22:20.906419,63.35
2026-07-08T14:22:21.907380,64.45
2026-07-08T14:22:22.908353,64.45
2026-07-08T14:22:23.909552,63.35
2026-07-08T14:22:24.910787,63.35
2026-07-08T14:22:25.911869,63.9
2026-07-08T14:22:26.912857,63.35
2026-07-08T14:22:27.913841,64.45
2026-07-08T14:22:28.914807,63.9
2026-07-08T14:22:29.915771,63.9
2026-07-08T14:22:30.916943,63.35
2026-07-08T14:22:31.918125,62.8
2026-07-08T14:22:32.919356,62.25
2026-07-08T14:22:33.920488,61.7
2026-07-08T14:22:34.921716,62.25
2026-07-08T14:22:35.922976,60.6
2026-07-08T14:22:36.924293,61.15
2026-07-08T14:22:37.925578,61.7
2026-07-08T14:22:38.926902,61.7
2026-07-08T14:22:39.931876,59.5
2026-07-08T14:22:40.933087,61.15
2026-07-08T14:22:41.935643,62.25
2026-07-08T14:22:42.937838,61.7
2026-07-08T14:22:43.939167,62.25
2026-07-08T14:22:44.940343,62.8
2026-07-08T14:22:45.941814,61.7
2026-07-08T14:22:46.943114,62.8
2026-07-08T14:22:47.944935,67.2
2026-07-08T14:22:48.946022,65.0
2026-07-08T14:22:49.946990,63.9
2026-07-08T14:22:50.947970,63.9
2026-07-08T14:22:51.948929,63.9
2026-07-08T14:22:52.950759,63.35
2026-07-08T14:22:53.952097,63.35
2026-07-08T14:22:54.953388,61.15
2026-07-08T14:22:55.955387,65.55
2026-07-08T14:22:56.957216,67.75
2026-07-08T14:22:57.958254,70.5
2026-07-08T14:22:58.959224,67.2
2026-07-08T14:22:59.960201,66.1
2026-07-08T14:23:00.961170,66.65
2026-07-08T14:23:01.962144,65.55
2026-07-08T14:23:02.967591,68.85
2026-07-08T14:23:03.969838,69.4
2026-07-08T14:23:04.971051,68.3
2026-07-08T14:23:05.972091,67.75
2026-07-08T14:23:06.973081,66.65
2026-07-08T14:23:07.974135,66.65
2026-07-08T14:23:08.975116,66.1
2026-07-08T14:23:09.976095,63.9
2026-07-08T14:23:10.977304,64.45
2026-07-08T14:23:11.978564,66.1
2026-07-08T14:23:12.979689,68.3
2026-07-08T14:23:13.980831,71.6
2026-07-08T14:23:14.981863,69.4
2026-07-08T14:23:15.982845,67.75
2026-07-08T14:23:16.983813,66.65
2026-07-08T14:23:17.984780,66.1
2026-07-08T14:23:18.985860,65.0
2026-07-08T14:23:19.987674,69.95
2026-07-08T14:23:20.989589,72.15
2026-07-08T14:23:21.992234,72.7
2026-07-08T14:23:22.994006,73.8
2026-07-08T14:23:23.995577,74.35
2026-07-08T14:23:24.996695,75.45
2026-07-08T14:23:25.997717,72.7
2026-07-08T14:23:26.998689,71.6
2026-07-08T14:23:27.999665,68.85
2026-07-08T14:23:29.003125,72.15
2026-07-08T14:23:30.006371,73.8
2026-07-08T14:23:31.010477,73.8
2026-07-08T14:23:32.018045,71.6
2026-07-08T14:23:33.018995,69.95
2026-07-08T14:23:34.021086,73.25
2026-07-08T14:23:35.022477,71.6
2026-07-08T14:23:36.027484,74.9
2026-07-08T14:23:37.028581,76.55
2026-07-08T14:23:38.029576,72.15
2026-07-08T14:23:39.030542,71.6
2026-07-08T14:23:40.031514,70.5
2026-07-08T14:23:41.032480,69.4
2026-07-08T14:23:42.033804,67.75
2026-07-08T14:23:43.035061,66.65
2026-07-08T14:23:44.036320,66.1
2026-07-08T14:23:45.037543,65.0
2026-07-08T14:23:46.038805,65.0
2026-07-08T14:23:47.040103,63.9
2026-07-08T14:23:48.041399,63.9
2026-07-08T14:23:49.042652,62.8
2026-07-08T14:23:50.043857,62.8
2026-07-08T14:23:51.045060,62.8
2026-07-08T14:23:52.046838,66.1
2026-07-08T14:23:53.048435,65.0
2026-07-08T14:23:54.049495,63.9
2026-07-08T14:23:55.050540,63.9
2026-07-08T14:23:56.051613,64.45
2026-07-08T14:23:57.052924,63.35
2026-07-08T14:23:58.054045,66.65
2026-07-08T14:23:59.055103,70.5
2026-07-08T14:24:00.056397,70.5
2026-07-08T14:24:01.057949,72.15
2026-07-08T14:24:02.059106,69.95
2026-07-08T14:24:03.060092,68.3
2026-07-08T14:24:04.061074,67.75
2026-07-08T14:24:05.062060,66.1
2026-07-08T14:24:06.063035,65.0
2026-07-08T14:24:07.064692,66.65
2026-07-08T14:24:08.066079,69.4
2026-07-08T14:24:09.067895,71.6
2026-07-08T14:24:10.074067,72.7
2026-07-08T14:24:11.079279,73.25
2026-07-08T14:24:12.081557,75.45
2026-07-08T14:24:13.086720,74.9
2026-07-08T14:24:14.092562,76.55
2026-07-08T14:24:15.095081,77.1
2026-07-08T14:24:16.096541,76.0
2026-07-08T14:24:17.098165,77.1
2026-07-08T14:24:18.099941,77.65
2026-07-08T14:24:19.101329,77.65
2026-07-08T14:24:20.102706,78.2
2026-07-08T14:24:21.103813,77.65
2026-07-08T14:24:22.105298,78.75
2026-07-08T14:24:23.107404,78.75
2026-07-08T14:24:24.108475,73.8
2026-07-08T14:24:25.109461,71.05
2026-07-08T14:24:26.110436,71.6
2026-07-08T14:24:27.111411,69.95
2026-07-08T14:24:28.112598,68.85
2026-07-08T14:24:29.113852,67.2
2026-07-08T14:24:30.118753,67.75
2026-07-08T14:24:31.119769,69.4
2026-07-08T14:24:32.120747,67.75
2026-07-08T14:24:33.121842,67.75
2026-07-08T14:24:34.122823,67.2
2026-07-08T14:24:35.124065,65.55
2026-07-08T14:24:36.125152,67.2
2026-07-08T14:24:37.126122,66.65
2026-07-08T14:24:38.127159,66.1
2026-07-08T14:24:39.128132,65.0
2026-07-08T14:24:40.129835,68.3
2026-07-08T14:24:41.131272,67.2
2026-07-08T14:24:42.132257,66.65
2026-07-08T14:24:43.133234,65.0
2026-07-08T14:24:44.134278,65.0
2026-07-08T14:24:45.135260,64.45
2026-07-08T14:24:46.136519,63.9
2026-07-08T14:24:47.137663,68.85
2026-07-08T14:24:48.139568,68.3
2026-07-08T14:24:49.140772,66.1
2026-07-08T14:24:50.143585,65.55
2026-07-08T14:24:51.146641,65.55
2026-07-08T14:24:52.149620,64.45
2026-07-08T14:24:53.153969,66.65
2026-07-08T14:24:54.157404,64.45
2026-07-08T14:24:55.158450,65.0
2026-07-08T14:24:56.159418,63.35
2026-07-08T14:24:57.160375,63.9
2026-07-08T14:24:58.162143,62.8
2026-07-08T14:24:59.164043,65.55
2026-07-08T14:25:00.165076,63.9
2026-07-08T14:25:01.166066,64.45
2026-07-08T14:25:02.167051,64.45
2026-07-08T14:25:03.168035,63.35
2026-07-08T14:25:04.169548,66.1
2026-07-08T14:25:05.170744,66.1
2026-07-08T14:25:06.171717,64.45
2026-07-08T14:25:07.172697,63.9
2026-07-08T14:25:08.173814,67.2
2026-07-08T14:25:09.175036,65.0
2026-07-08T14:25:10.176309,64.45
2026-07-08T14:25:11.177531,63.9
2026-07-08T14:25:12.182410,62.8
2026-07-08T14:25:13.183570,67.2
2026-07-08T14:25:14.185546,69.4
2026-07-08T14:25:15.187016,67.2
2026-07-08T14:25:16.187991,65.55
2026-07-08T14:25:17.189270,66.1
2026-07-08T14:25:18.190851,67.75
2026-07-08T14:25:19.192384,69.4
2026-07-08T14:25:20.193429,69.4
2026-07-08T14:25:21.194394,67.75
2026-07-08T14:25:22.195362,67.2
2026-07-08T14:25:23.196704,65.55
2026-07-08T14:25:24.197865,68.85
2026-07-08T14:25:25.199858,69.4
2026-07-08T14:25:26.201684,72.15
2026-07-08T14:25:27.203231,72.15
2026-07-08T14:25:28.204565,73.25
2026-07-08T14:25:29.205780,70.5
2026-07-08T14:25:30.206776,69.4
2026-07-08T14:25:31.207752,68.3
2026-07-08T14:25:32.209652,67.2
2026-07-08T14:25:33.210936,71.05
2026-07-08T14:25:34.213988,72.7
2026-07-08T14:25:35.216972,72.15
2026-07-08T14:25:36.221198,73.8
2026-07-08T14:25:37.227575,74.9
2026-07-08T14:25:38.228854,69.95
2026-07-08T14:25:39.230531,68.3
2026-07-08T14:25:40.231622,68.3
2026-07-08T14:25:41.232648,67.2
2026-07-08T14:25:42.234092,70.5
2026-07-08T14:25:43.235110,66.65
2026-07-08T14:25:44.236988,66.65
2026-07-08T14:25:45.238266,64.45
2026-07-08T14:25:46.240924,66.65
2026-07-08T14:25:47.243369,69.95
2026-07-08T14:25:48.244390,67.75
2026-07-08T14:25:49.245391,67.2
2026-07-08T14:25:50.246348,66.65
2026-07-08T14:25:51.248208,70.5
2026-07-08T14:25:52.249343,66.65
2026-07-08T14:25:53.250317,66.65
2026-07-08T14:25:54.254314,68.85
2026-07-08T14:25:55.255329,69.4
2026-07-08T14:25:56.256586,67.2
2026-07-08T14:25:57.257850,65.55
2026-07-08T14:25:58.259112,64.45
2026-07-08T14:25:59.260349,63.9
2026-07-08T14:26:00.261561,63.35
2026-07-08T14:26:01.262829,63.35
2026-07-08T14:26:02.264122,61.7
2026-07-08T14:26:03.265998,66.1
2026-07-08T14:26:04.267181,66.65
2026-07-08T14:26:05.268211,66.1
2026-07-08T14:26:06.269192,66.65
2026-07-08T14:26:07.270230,65.55
2026-07-08T14:26:08.271207,65.55
2026-07-08T14:26:09.274217,69.4
2026-07-08T14:26:10.275347,71.05
2026-07-08T14:26:11.276341,69.4
2026-07-08T14:26:12.277415,66.65
2026-07-08T14:26:13.278400,67.2
2026-07-08T14:26:14.279379,66.1
2026-07-08T14:26:15.280350,66.1
2026-07-08T14:26:16.281358,65.55
2026-07-08T14:26:17.282328,65.0
2026-07-08T14:26:18.283523,63.9
2026-07-08T14:26:19.291425,68.3
2026-07-08T14:26:20.294993,70.5
2026-07-08T14:26:21.296224,65.55
2026-07-08T14:26:22.297470,66.65
2026-07-08T14:26:23.298605,65.55
2026-07-08T14:26:24.300004,63.9
2026-07-08T14:26:25.301782,67.2
2026-07-08T14:26:26.304121,67.75
2026-07-08T14:26:27.305176,66.65
2026-07-08T14:26:28.306145,65.55
2026-07-08T14:26:29.308178,67.75
2026-07-08T14:26:30.310042,65.0
2026-07-08T14:26:31.311383,65.0
2026-07-08T14:26:32.312764,63.35
2026-07-08T14:26:33.314185,61.7
2026-07-08T14:26:34.315551,62.8
2026-07-08T14:26:35.316815,62.8
2026-07-08T14:26:36.318193,62.25
2026-07-08T14:26:37.321775,63.35
2026-07-08T14:26:38.327695,67.75
2026-07-08T14:26:39.328790,69.95
2026-07-08T14:26:40.330367,69.95
2026-07-08T14:26:41.332919,72.15
2026-07-08T14:26:42.334593,68.3
2026-07-08T14:26:43.335588,67.75
2026-07-08T14:26:44.336578,66.1
2026-07-08T14:26:45.338671,68.3
2026-07-08T14:26:46.339969,71.05
2026-07-08T14:26:47.341723,72.7
2026-07-08T14:26:48.344505,73.8
2026-07-08T14:26:49.345914,73.25
2026-07-08T14:26:50.347665,73.8
2026-07-08T14:26:51.349424,74.9
2026-07-08T14:26:52.350617,76.0
2026-07-08T14:26:53.351809,77.1
2026-07-08T14:26:54.352897,72.7
2026-07-08T14:26:55.353885,70.5
2026-07-08T14:26:56.354848,69.4
2026-07-08T14:26:57.356064,67.75
2026-07-08T14:26:58.357173,70.5
2026-07-08T14:26:59.364864,74.35
2026-07-08T14:27:00.368808,73.25
2026-07-08T14:27:01.374029,75.45
2026-07-08T14:27:02.376955,76.0
2026-07-08T14:27:03.383045,76.0
2026-07-08T14:27:04.385523,77.1
2026-07-08T14:27:05.393631,77.1
2026-07-08T14:27:06.394994,78.75
2026-07-08T14:27:07.396091,77.65
2026-07-08T14:27:08.397661,78.2
2026-07-08T14:27:09.399003,78.2
2026-07-08T14:27:10.400874,78.75
2026-07-08T14:27:11.403038,78.75
2026-07-08T14:27:12.404725,77.1
2026-07-08T14:27:13.406309,79.3
2026-07-08T14:27:14.407527,78.75
2026-07-08T14:27:15.408997,79.85
2026-07-08T14:27:16.410231,79.3
2026-07-08T14:27:17.411369,79.3
2026-07-08T14:27:18.412609,80.4
2026-07-08T14:27:19.414468,80.4
2026-07-08T14:27:20.415840,80.4
2026-07-08T14:27:21.417381,79.85
2026-07-08T14:27:22.419013,80.95
2026-07-08T14:27:23.420400,80.4
2026-07-08T14:27:24.422735,79.3
2026-07-08T14:27:25.425322,80.95
2026-07-08T14:27:26.427737,80.95
2026-07-08T14:27:27.436597,80.4
2026-07-08T14:27:28.439946,78.75
2026-07-08T14:27:29.447255,77.1
2026-07-08T14:27:30.448948,78.2
2026-07-08T14:27:31.449973,74.9
2026-07-08T14:27:32.451042,72.7
2026-07-08T14:27:33.452012,71.6
2026-07-08T14:27:34.453066,70.5
2026-07-08T14:27:35.455513,72.7
2026-07-08T14:27:36.456571,71.6
2026-07-08T14:27:37.457551,70.5
2026-07-08T14:27:38.458744,68.3
2026-07-08T14:27:39.459979,67.2
2026-07-08T14:27:40.461463,69.95
2026-07-08T14:27:41.466378,72.15
2026-07-08T14:27:42.467985,73.25
2026-07-08T14:27:43.471009,74.35
2026-07-08T14:27:44.472608,76.0
2026-07-08T14:27:45.474457,73.8
2026-07-08T14:27:46.475913,77.65
2026-07-08T14:27:47.477210,77.65
2026-07-08T14:27:48.478958,77.65
2026-07-08T14:27:49.480548,78.75
2026-07-08T14:27:50.481927,78.75
2026-07-08T14:27:51.483541,78.75
2026-07-08T14:27:52.484665,78.75
2026-07-08T14:27:53.485987,79.3
2026-07-08T14:27:54.487330,79.3
2026-07-08T14:27:55.488863,79.3
2026-07-08T14:27:56.490142,79.85
2026-07-08T14:27:57.493082,79.85
2026-07-08T14:27:58.494639,79.3
2026-07-08T14:27:59.495642,74.9
2026-07-08T14:28:00.496611,73.25
2026-07-08T14:28:01.497589,71.6
2026-07-08T14:28:02.498555,70.5
2026-07-08T14:28:03.501291,69.4
2026-07-08T14:28:04.502901,71.05
2026-07-08T14:28:05.504659,68.85
2026-07-08T14:28:06.507071,67.75
2026-07-08T14:28:07.509733,66.1
2026-07-08T14:28:08.511556,66.65
2026-07-08T14:28:09.513140,65.55
2026-07-08T14:28:10.514555,63.9
2026-07-08T14:28:11.515976,63.9
2026-07-08T14:28:12.517372,62.8
2026-07-08T14:28:13.518844,63.35
2026-07-08T14:28:14.520314,63.35
2026-07-08T14:28:15.521521,62.8
2026-07-08T14:28:16.528236,61.7
2026-07-08T14:28:17.529455,63.35
2026-07-08T14:28:18.530444,65.0
2026-07-08T14:28:19.531422,64.45
2026-07-08T14:28:20.532399,64.45
2026-07-08T14:28:21.533500,63.9
2026-07-08T14:28:22.534466,63.35
2026-07-08T14:28:23.536861,65.55
2026-07-08T14:28:24.538036,68.3
2026-07-08T14:28:25.539053,68.85
2026-07-08T14:28:26.540028,66.1
2026-07-08T14:28:27.541010,64.45
2026-07-08T14:28:28.542278,65.0
2026-07-08T14:28:29.543481,65.0
2026-07-08T14:28:30.544891,67.75
2026-07-08T14:28:31.546366,69.95
2026-07-08T14:28:32.547546,68.3
2026-07-08T14:28:33.548518,66.65
2026-07-08T14:28:34.549515,66.1
2026-07-08T14:28:35.550668,65.0
2026-07-08T14:28:36.551927,64.45
2026-07-08T14:28:37.553005,67.2
2026-07-08T14:28:38.554224,65.55
2026-07-08T14:28:39.555205,65.0
2026-07-08T14:28:40.556186,63.35
2026-07-08T14:28:41.558320,66.1
2026-07-08T14:28:42.559490,65.0
2026-07-08T14:28:43.560838,63.9
2026-07-08T14:28:44.562064,63.35
2026-07-08T14:28:45.563251,62.25
2026-07-08T14:28:46.564498,62.25
2026-07-08T14:28:47.565777,62.25
2026-07-08T14:28:48.567031,60.05
2026-07-08T14:28:49.568243,60.6
2026-07-08T14:28:50.569748,66.1
2026-07-08T14:28:51.570778,63.9
2026-07-08T14:28:52.572631,63.9
2026-07-08T14:28:53.573787,62.8
2026-07-08T14:28:54.577335,67.75
2026-07-08T14:28:55.579362,68.85
2026-07-08T14:28:56.583307,69.95
2026-07-08T14:28:57.585354,72.7
2026-07-08T14:28:58.588766,73.8
2026-07-08T14:28:59.590301,74.9
2026-07-08T14:29:00.592053,74.35
2026-07-08T14:29:01.594085,75.45
2026-07-08T14:29:02.595963,77.1
2026-07-08T14:29:03.598384,76.0
2026-07-08T14:29:04.600881,76.55
2026-07-08T14:29:05.602381,76.0
2026-07-08T14:29:06.607611,77.65
2026-07-08T14:29:07.609705,78.75
2026-07-08T14:29:08.611118,78.2
2026-07-08T14:29:09.612221,77.65
2026-07-08T14:29:10.613396,73.8
2026-07-08T14:29:11.614361,72.15
2026-07-08T14:29:12.615340,70.5
2026-07-08T14:29:13.616861,72.15
2026-07-08T14:29:14.618149,70.5
2026-07-08T14:29:15.619420,68.3
2026-07-08T14:29:16.620726,67.2
2026-07-08T14:29:17.621928,66.65
2026-07-08T14:29:18.623239,65.55
2026-07-08T14:29:19.624529,65.55
2026-07-08T14:29:20.625706,63.35
2026-07-08T14:29:21.627122,62.25
2026-07-08T14:29:22.628332,63.35
2026-07-08T14:29:23.629625,67.2
2026-07-08T14:29:24.630669,65.0
2026-07-08T14:29:25.631708,64.45
2026-07-08T14:29:26.632677,63.9
2026-07-08T14:29:27.633667,63.9
2026-07-08T14:29:28.634809,63.35
2026-07-08T14:29:29.636038,62.25
2026-07-08T14:29:30.637272,62.8
2026-07-08T14:29:31.638530,62.25
2026-07-08T14:29:32.639738,61.15
2026-07-08T14:29:33.643112,64.45
2026-07-08T14:29:34.645222,63.35
2026-07-08T14:29:35.647739,63.9
2026-07-08T14:29:36.649851,63.35
2026-07-08T14:29:37.654171,65.55
2026-07-08T14:29:38.660030,65.55
2026-07-08T14:29:39.661412,65.0
2026-07-08T14:29:40.662392,64.45
2026-07-08T14:29:41.663357,64.45
2026-07-08T14:29:42.664324,63.9
2026-07-08T14:29:43.665753,61.7
2026-07-08T14:29:44.667612,62.8
2026-07-08T14:29:45.668816,61.7
2026-07-08T14:29:46.671063,62.25
2026-07-08T14:29:47.675879,67.75
2026-07-08T14:29:48.681084,69.95
2026-07-08T14:29:49.682219,71.05
2026-07-08T14:29:50.683358,72.7
2026-07-08T14:29:51.684497,73.25
2026-07-08T14:29:52.685659,68.85
2026-07-08T14:29:53.686626,68.85
2026-07-08T14:29:54.687597,68.3
2026-07-08T14:29:55.694812,69.4
2026-07-08T14:29:56.696760,69.95
2026-07-08T14:29:57.697991,67.2
2026-07-08T14:29:58.699200,65.55
2026-07-08T14:29:59.700425,63.9
2026-07-08T14:30:00.701665,65.0
2026-07-08T14:30:01.702921,63.35
2026-07-08T14:30:02.704115,63.35
2026-07-08T14:30:03.705419,62.8
2026-07-08T14:30:04.706769,62.8
2026-07-08T14:30:05.707978,62.8
2026-07-08T14:30:06.709181,62.25
2026-07-08T14:30:07.710461,62.25
2026-07-08T14:30:08.711728,62.25
2026-07-08T14:30:09.712994,61.15
2026-07-08T14:30:10.714274,61.7
2026-07-08T14:30:11.719087,65.0
2026-07-08T14:30:12.722748,68.3
2026-07-08T14:30:13.728234,69.95
2026-07-08T14:30:14.730523,71.6
2026-07-08T14:30:15.731670,67.2
2026-07-08T14:30:16.732819,66.65
2026-07-08T14:30:17.733803,65.0
2026-07-08T14:30:18.734776,68.85
2026-07-08T14:30:19.735835,66.1
2026-07-08T14:30:20.736806,64.45
2026-07-08T14:30:21.738045,63.35
2026-07-08T14:30:22.739236,63.9
2026-07-08T14:30:23.740445,62.8
2026-07-08T14:30:24.741708,62.25
2026-07-08T14:30:25.743017,62.8
2026-07-08T14:30:26.749429,65.55
2026-07-08T14:30:27.751705,64.45
2026-07-08T14:30:28.752683,63.9
2026-07-08T14:30:29.753663,64.45
2026-07-08T14:30:30.754632,62.8
2026-07-08T14:30:31.755894,63.35
2026-07-08T14:30:32.757155,62.8
2026-07-08T14:30:33.758359,63.35
2026-07-08T14:30:34.759430,67.75
2026-07-08T14:30:35.761041,69.95
2026-07-08T14:30:36.762083,67.75
2026-07-08T14:30:37.763050,65.55
2026-07-08T14:30:38.764149,65.0
2026-07-08T14:30:39.765297,69.95
2026-07-08T14:30:40.766562,70.5
2026-07-08T14:30:41.768243,72.7
2026-07-08T14:30:42.769572,73.25
2026-07-08T14:30:43.771125,71.05
2026-07-08T14:30:44.772176,68.85
2026-07-08T14:30:45.773156,68.3
2026-07-08T14:30:46.774603,71.05
2026-07-08T14:30:47.776250,72.15
2026-07-08T14:30:48.777277,72.7
2026-07-08T14:30:49.778316,71.05
2026-07-08T14:30:50.779299,68.85
2026-07-08T14:30:51.780272,68.3
2026-07-08T14:30:52.781426,70.5
2026-07-08T14:30:53.782571,71.6
2026-07-08T14:30:54.783886,67.75
2026-07-08T14:30:55.785065,66.65
2026-07-08T14:30:56.786276,65.55
2026-07-08T14:30:57.788622,65.55
2026-07-08T14:30:58.789929,63.9
2026-07-08T14:30:59.798305,68.3
2026-07-08T14:31:00.799609,66.1
2026-07-08T14:31:01.800808,64.45
2026-07-08T14:31:02.801978,65.0
2026-07-08T14:31:03.803258,65.0
2026-07-08T14:31:04.804688,63.9
2026-07-08T14:31:05.806076,63.35
2026-07-08T14:31:06.807544,63.35
2026-07-08T14:31:07.812397,66.1
2026-07-08T14:31:08.813430,65.55
2026-07-08T14:31:09.814476,65.0
2026-07-08T14:31:10.815457,63.9
2026-07-08T14:31:11.816540,64.45
2026-07-08T14:31:12.817756,63.35
2026-07-08T14:31:13.827835,63.35
2026-07-08T14:31:14.829024,67.2
2026-07-08T14:31:15.829981,65.55
2026-07-08T14:31:16.830898,65.55
2026-07-08T14:31:17.831840,63.9
2026-07-08T14:31:18.832933,65.0
2026-07-08T14:31:19.834105,63.9
2026-07-08T14:31:20.835254,63.35
2026-07-08T14:31:21.836405,62.8
2026-07-08T14:31:22.837581,61.15
2026-07-08T14:31:23.838887,62.25
2026-07-08T14:31:24.840187,61.15
2026-07-08T14:31:25.841494,60.6
2026-07-08T14:31:26.842856,60.6
2026-07-08T14:31:27.843851,64.45
2026-07-08T14:31:28.844878,63.9
2026-07-08T14:31:29.845817,62.25
2026-07-08T14:31:30.846760,63.9
2026-07-08T14:31:31.847708,63.35
2026-07-08T14:31:32.848952,66.65
2026-07-08T14:31:33.850057,66.65
2026-07-08T14:31:34.850975,65.55
2026-07-08T14:31:35.851897,65.0
2026-07-08T14:31:36.852835,64.45
2026-07-08T14:31:37.853998,64.45
2026-07-08T14:31:38.855189,62.25
2026-07-08T14:31:39.856335,63.35
2026-07-08T14:31:40.857509,62.8
2026-07-08T14:31:41.859801,62.25
2026-07-08T14:31:42.861148,62.25
2026-07-08T14:31:43.863742,60.6
2026-07-08T14:31:44.867475,65.0
2026-07-08T14:31:45.870157,63.35
2026-07-08T14:31:46.871409,63.9
2026-07-08T14:31:47.872597,61.7
2026-07-08T14:31:48.873814,62.8
2026-07-08T14:31:49.875107,62.25
2026-07-08T14:31:50.876535,62.25
2026-07-08T14:31:51.878898,66.65
2026-07-08T14:31:52.879935,65.0
2026-07-08T14:31:53.880917,63.35
2026-07-08T14:31:54.881924,63.9
2026-07-08T14:31:55.883661,67.75
2026-07-08T14:31:56.884706,67.2
2026-07-08T14:31:57.885825,66.1
2026-07-08T14:31:58.886811,64.45
2026-07-08T14:31:59.887804,65.55
2026-07-08T14:32:00.888794,65.0
2026-07-08T14:32:01.890312,66.65
2026-07-08T14:32:02.894162,69.4
2026-07-08T14:32:03.895140,68.3
2026-07-08T14:32:04.896103,66.65
2026-07-08T14:32:05.897064,64.45
2026-07-08T14:32:06.898330,65.0
2026-07-08T14:32:07.901161,67.75
2026-07-08T14:32:08.902573,68.3
2026-07-08T14:32:09.903725,67.75
2026-07-08T14:32:10.904713,67.2
2026-07-08T14:32:11.905705,66.65
2026-07-08T14:32:12.906901,65.0
2026-07-08T14:32:13.908059,63.9
2026-07-08T14:32:14.909339,63.9
2026-07-08T14:32:15.910544,63.35
2026-07-08T14:32:16.911743,62.8
2026-07-08T14:32:17.913132,62.8
2026-07-08T14:32:18.914619,66.65
2026-07-08T14:32:19.915691,63.35
2026-07-08T14:32:20.916685,64.45
2026-07-08T14:32:21.917691,63.9
2026-07-08T14:32:22.918758,65.0
2026-07-08T14:32:23.922268,68.3
2026-07-08T14:32:24.923426,66.65
2026-07-08T14:32:25.924407,66.1
2026-07-08T14:32:26.925394,65.55
2026-07-08T14:32:27.926364,63.35
2026-07-08T14:32:28.927408,68.3
2026-07-08T14:32:29.928425,65.0
2026-07-08T14:32:30.929415,65.55
2026-07-08T14:32:31.930409,65.0
2026-07-08T14:32:32.931494,64.45
2026-07-08T14:32:33.933937,68.85
2026-07-08T14:32:34.937038,66.65
2026-07-08T14:32:35.939705,66.1
2026-07-08T14:32:36.942161,64.45
2026-07-08T14:32:37.943512,65.0
2026-07-08T14:32:38.945096,63.9
2026-07-08T14:32:39.946501,63.9
2026-07-08T14:32:40.947641,64.45
2026-07-08T14:32:41.948682,63.9
2026-07-08T14:32:42.949889,64.45
2026-07-08T14:32:43.951433,64.45
2026-07-08T14:32:44.952429,63.35
2026-07-08T14:32:45.954062,63.35
2026-07-08T14:32:46.955509,65.55
2026-07-08T14:32:47.958639,67.75
2026-07-08T14:32:48.959658,67.2
2026-07-08T14:32:49.960712,66.1
2026-07-08T14:32:50.961783,66.1
2026-07-08T14:32:51.963134,68.85
2026-07-08T14:32:52.964356,71.05
2026-07-08T14:32:53.965383,68.85
2026-07-08T14:32:54.966351,67.2
2026-07-08T14:32:55.967333,66.65
2026-07-08T14:32:56.968586,64.45
2026-07-08T14:32:57.969769,65.0
2026-07-08T14:32:58.970970,64.45
2026-07-08T14:32:59.972171,63.35
2026-07-08T14:33:00.974738,64.45
2026-07-08T14:33:01.976115,69.4
2026-07-08T14:33:02.977137,66.65
2026-07-08T14:33:03.978113,63.9
2026-07-08T14:33:04.979080,65.0
2026-07-08T14:33:05.980220,65.55
2026-07-08T14:33:06.981387,63.35
2026-07-08T14:33:07.982668,62.25
2026-07-08T14:33:08.984062,68.3
2026-07-08T14:33:09.986692,69.4
2026-07-08T14:33:10.988518,71.6
2026-07-08T14:33:11.989725,71.05
2026-07-08T14:33:12.990775,68.3
2026-07-08T14:33:13.991852,67.2
2026-07-08T14:33:14.992896,66.1
2026-07-08T14:33:15.993955,66.65
2026-07-08T14:33:16.994934,65.0
2026-07-08T14:33:17.996309,69.4
2026-07-08T14:33:18.997834,67.2
2026-07-08T14:33:19.998824,65.55
2026-07-08T14:33:20.999811,66.1
2026-07-08T14:33:22.000793,65.0
2026-07-08T14:33:23.001785,64.45
2026-07-08T14:33:24.003036,63.9
2026-07-08T14:33:25.004196,62.8
2026-07-08T14:33:26.006501,62.8
2026-07-08T14:33:27.007853,62.25
2026-07-08T14:33:28.010288,62.25
2026-07-08T14:33:29.012579,61.15
2026-07-08T14:33:30.014966,60.6
2026-07-08T14:33:31.016344,61.7
2026-07-08T14:33:32.018173,60.6
2026-07-08T14:33:33.019653,60.6
2026-07-08T14:33:34.021325,60.6
2026-07-08T14:33:35.023526,65.55
2026-07-08T14:33:36.028391,62.8
2026-07-08T14:33:37.029409,63.35
2026-07-08T14:33:38.030387,63.35
2026-07-08T14:33:39.031365,62.8
2026-07-08T14:33:40.032559,63.35
2026-07-08T14:33:41.033556,66.65
2026-07-08T14:33:42.034527,64.45
2026-07-08T14:33:43.035485,63.9
2026-07-08T14:33:44.036450,63.9
2026-07-08T14:33:45.037421,62.8
2026-07-08T14:33:46.038649,62.8
2026-07-08T14:33:47.039948,62.8
2026-07-08T14:33:48.041143,61.7
2026-07-08T14:33:49.042478,67.75
2026-07-08T14:33:50.043517,63.9
2026-07-08T14:33:51.044491,64.45
2026-07-08T14:33:52.045482,63.9
2026-07-08T14:33:53.046455,63.9
2026-07-08T14:33:54.047765,62.8
2026-07-08T14:33:55.048926,62.8
2026-07-08T14:33:56.050144,61.7
2026-07-08T14:33:57.051417,61.7
2026-07-08T14:33:58.052709,61.7
2026-07-08T14:33:59.054817,65.0
2026-07-08T14:34:00.058193,68.3
2026-07-08T14:34:01.059196,66.65
2026-07-08T14:34:02.060169,66.1
2026-07-08T14:34:03.062306,66.65
2026-07-08T14:34:04.063516,69.95
2026-07-08T14:34:05.064993,71.6
2026-07-08T14:34:06.066218,68.85
2026-07-08T14:34:07.067199,67.2
2026-07-08T14:34:08.068179,65.55
2026-07-08T14:34:09.069462,65.0
2026-07-08T14:34:10.070776,63.9
2026-07-08T14:34:11.071885,68.85
2026-07-08T14:34:12.073085,64.45
2026-07-08T14:34:13.074072,65.55
2026-07-08T14:34:14.075052,63.9
2026-07-08T14:34:15.076039,65.0
2026-07-08T14:34:16.078370,62.8
2026-07-08T14:34:17.082714,68.3
2026-07-08T14:34:18.084807,68.85
2026-07-08T14:34:19.085948,65.0
2026-07-08T14:34:20.087590,65.55
2026-07-08T14:34:21.088772,65.55
2026-07-08T14:34:22.092860,65.0
2026-07-08T14:34:23.094581,66.1
2026-07-08T14:34:24.095850,65.55
2026-07-08T14:34:25.096847,63.35
2026-07-08T14:34:26.097846,64.45
2026-07-08T14:34:27.099794,67.75
2026-07-08T14:34:28.100950,66.65
2026-07-08T14:34:29.101936,65.55
2026-07-08T14:34:30.102909,64.45
2026-07-08T14:34:31.103882,63.35
2026-07-08T14:34:32.104878,64.45
2026-07-08T14:34:33.106669,67.2
2026-07-08T14:34:34.107723,63.35
2026-07-08T14:34:35.108694,65.0
2026-07-08T14:34:36.109681,64.45
2026-07-08T14:34:37.110660,63.35
2026-07-08T14:34:38.111856,62.8
2026-07-08T14:34:39.113065,61.15
2026-07-08T14:34:40.115000,65.0
2026-07-08T14:34:41.116335,63.35
2026-07-08T14:34:42.117333,63.9
2026-07-08T14:34:43.118385,63.9
2026-07-08T14:34:44.119423,63.35
2026-07-08T14:34:45.124144,63.9
2026-07-08T14:34:46.125739,67.2
2026-07-08T14:34:47.127112,65.0
2026-07-08T14:34:48.128111,65.0
2026-07-08T14:34:49.129096,64.45
2026-07-08T14:34:50.130258,63.35
2026-07-08T14:34:51.131462,63.35
2026-07-08T14:34:52.132671,62.25
2026-07-08T14:34:53.133952,61.7
2026-07-08T14:34:54.135154,62.25
2026-07-08T14:34:55.136509,65.55
2026-07-08T14:34:56.138326,65.0
2026-07-08T14:34:57.139312,63.9
2026-07-08T14:34:58.140288,63.9
2026-07-08T14:34:59.141280,63.9
2026-07-08T14:35:00.142465,61.7
2026-07-08T14:35:01.143718,61.15
2026-07-08T14:35:02.144972,62.25
2026-07-08T14:35:03.146195,62.25
2026-07-08T14:35:04.147688,63.35
2026-07-08T14:35:05.152034,67.75
2026-07-08T14:35:06.155265,68.85
2026-07-08T14:35:07.159772,71.6
2026-07-08T14:35:08.160860,67.75
2026-07-08T14:35:09.162043,67.2
2026-07-08T14:35:10.163188,65.55
2026-07-08T14:35:11.164778,64.45
2026-07-08T14:35:12.166621,64.45
2026-07-08T14:35:13.170049,69.95
2026-07-08T14:35:14.171566,67.75
2026-07-08T14:35:15.173186,65.55
2026-07-08T14:35:16.174357,65.0
2026-07-08T14:35:17.175607,62.8
2026-07-08T14:35:18.177391,68.85
2026-07-08T14:35:19.178422,66.1
2026-07-08T14:35:20.179395,65.55
2026-07-08T14:35:21.180372,64.45
2026-07-08T14:35:22.181363,66.65
2026-07-08T14:35:23.182642,64.45
2026-07-08T14:35:24.183652,66.1
2026-07-08T14:35:25.184710,65.0
2026-07-08T14:35:26.185698,64.45
2026-07-08T14:35:27.186679,64.45
2026-07-08T14:35:28.187661,64.45
2026-07-08T14:35:29.188860,62.8
2026-07-08T14:35:30.190077,62.25
2026-07-08T14:35:31.196012,65.55
2026-07-08T14:35:32.197474,68.85
2026-07-08T14:35:33.199330,70.5
2026-07-08T14:35:34.200343,66.1
2026-07-08T14:35:35.201334,66.1
2026-07-08T14:35:36.202307,65.55
2026-07-08T14:35:37.203683,66.65
2026-07-08T14:35:38.204793,65.0
2026-07-08T14:35:39.205941,69.95
2026-07-08T14:35:40.207136,69.4
2026-07-08T14:35:41.208383,66.1
2026-07-08T14:35:42.209782,65.0
2026-07-08T14:35:43.211050,64.45
2026-07-08T14:35:44.212273,63.35
2026-07-08T14:35:45.213543,62.8
2026-07-08T14:35:46.214816,62.25
2026-07-08T14:35:47.216028,62.25
2026-07-08T14:35:48.217251,61.7
2026-07-08T14:35:49.218519,61.7
2026-07-08T14:35:50.219793,60.6
2026-07-08T14:35:51.221062,61.15
2026-07-08T14:35:52.222554,61.7
2026-07-08T14:35:53.226544,63.9
2026-07-08T14:35:54.227891,63.35
2026-07-08T14:35:55.229179,63.35
2026-07-08T14:35:56.232573,63.35
2026-07-08T14:35:57.233734,62.25
2026-07-08T14:35:58.235019,63.35
2026-07-08T14:35:59.236867,63.9
2026-07-08T14:36:00.238423,62.8
2026-07-08T14:36:01.239797,62.8
2026-07-08T14:36:02.241260,66.1
2026-07-08T14:36:03.242925,65.0
2026-07-08T14:36:04.244365,64.45
2026-07-08T14:36:05.245571,62.8
2026-07-08T14:36:06.250182,64.45
2026-07-08T14:36:07.251636,66.1
2026-07-08T14:36:08.252596,65.55
2026-07-08T14:36:09.253578,64.45
2026-07-08T14:36:10.254550,63.9
2026-07-08T14:36:11.256555,68.3
2026-07-08T14:36:12.257580,66.65
2026-07-08T14:36:13.258551,65.55
2026-07-08T14:36:14.259523,65.0
2026-07-08T14:36:15.260504,65.55
2026-07-08T14:36:16.261659,66.65
2026-07-08T14:36:17.263370,69.95
2026-07-08T14:36:18.264517,66.1
2026-07-08T14:36:19.265501,65.55
2026-07-08T14:36:20.266471,65.0
2026-07-08T14:36:21.267438,65.55
2026-07-08T14:36:22.268636,64.45
2026-07-08T14:36:23.269851,63.35
2026-07-08T14:36:24.270960,66.65
2026-07-08T14:36:25.272412,67.75
2026-07-08T14:36:26.273437,65.0
2026-07-08T14:36:27.274406,65.55
2026-07-08T14:36:28.277165,67.75
2026-07-08T14:36:29.278186,67.75
2026-07-08T14:36:30.279223,65.0
2026-07-08T14:36:31.280184,65.55
2026-07-08T14:36:32.281140,65.0
2026-07-08T14:36:33.285284,66.1
2026-07-08T14:36:34.286674,65.0
2026-07-08T14:36:35.287932,64.45
2026-07-08T14:36:36.289608,62.8
2026-07-08T14:36:37.291079,63.35
2026-07-08T14:36:38.292016,65.55
2026-07-08T14:36:39.292982,63.9
2026-07-08T14:36:40.293958,63.9
2026-07-08T14:36:41.294930,64.45
2026-07-08T14:36:42.296764,63.9
2026-07-08T14:36:43.298086,62.8
2026-07-08T14:36:44.300701,62.25
2026-07-08T14:36:45.302899,61.15
2026-07-08T14:36:46.305795,61.7
2026-07-08T14:36:47.307996,60.6
2026-07-08T14:36:48.310745,66.65
2026-07-08T14:36:49.318519,66.1
2026-07-08T14:36:50.319562,65.0
2026-07-08T14:36:51.320524,64.45
2026-07-08T14:36:52.321621,63.35
2026-07-08T14:36:53.322793,61.7
2026-07-08T14:36:54.323931,62.8
2026-07-08T14:36:55.325222,61.7
2026-07-08T14:36:56.326326,63.9
2026-07-08T14:36:57.327329,64.45
2026-07-08T14:36:58.328300,63.9
2026-07-08T14:36:59.329271,63.35
2026-07-08T14:37:00.330234,63.9
2026-07-08T14:37:01.331468,63.35
2026-07-08T14:37:02.332681,68.3
2026-07-08T14:37:03.333665,67.75
2026-07-08T14:37:04.334680,65.0
2026-07-08T14:37:05.335603,65.55
2026-07-08T14:37:06.336697,65.0
2026-07-08T14:37:07.337766,67.75
2026-07-08T14:37:08.338725,67.2
2026-07-08T14:37:09.339692,65.55
2026-07-08T14:37:10.340670,65.0
2026-07-08T14:37:11.341672,64.45
2026-07-08T14:37:12.342951,63.9
2026-07-08T14:37:13.344117,63.35
2026-07-08T14:37:14.345105,67.2
2026-07-08T14:37:15.346052,65.0
2026-07-08T14:37:16.346981,63.35
2026-07-08T14:37:17.348738,63.9
2026-07-08T14:37:18.350053,65.0
2026-07-08T14:37:19.351309,62.8
2026-07-08T14:37:20.352582,63.35
2026-07-08T14:37:21.353898,61.15
2026-07-08T14:37:22.355133,61.7
2026-07-08T14:37:23.356394,61.7
2026-07-08T14:37:24.358612,66.1
2026-07-08T14:37:25.360078,62.8
2026-07-08T14:37:26.361094,63.9
2026-07-08T14:37:27.362079,63.9
2026-07-08T14:37:28.363057,63.35
2026-07-08T14:37:29.366849,65.55
2026-07-08T14:37:30.370063,65.0
2026-07-08T14:37:31.370982,64.45
2026-07-08T14:37:32.373566,65.0
2026-07-08T14:37:33.376687,64.45
2026-07-08T14:37:34.379261,63.35
2026-07-08T14:37:35.382890,68.3
2026-07-08T14:37:36.387155,67.75
2026-07-08T14:37:37.388185,66.1
2026-07-08T14:37:38.389146,63.9
2026-07-08T14:37:39.390130,65.0
2026-07-08T14:37:40.395377,68.3
2026-07-08T14:37:41.396394,68.85
2026-07-08T14:37:42.397423,67.75
2026-07-08T14:37:43.398445,65.55
2026-07-08T14:37:44.399419,65.55
2026-07-08T14:37:45.400613,62.8
2026-07-08T14:37:46.402735,62.8
2026-07-08T14:37:47.405632,68.3
2026-07-08T14:37:48.407896,71.05
2026-07-08T14:37:49.409563,72.15
2026-07-08T14:37:50.410732,71.6
2026-07-08T14:37:51.412366,72.7
2026-07-08T14:37:52.413578,73.25
2026-07-08T14:37:53.414622,69.4
2026-07-08T14:37:54.415789,72.15
2026-07-08T14:37:55.417210,73.25
2026-07-08T14:37:56.418540,69.4
2026-07-08T14:37:57.419507,69.4
2026-07-08T14:37:58.420474,68.3
2026-07-08T14:37:59.421452,67.2
2026-07-08T14:38:00.422912,68.85
2026-07-08T14:38:01.423915,67.75
2026-07-08T14:38:02.425096,66.65
2026-07-08T14:38:03.426314,66.1
2026-07-08T14:38:04.427524,65.0
2026-07-08T14:38:05.428778,63.9
2026-07-08T14:38:06.429996,63.35
2026-07-08T14:38:07.431185,63.35
2026-07-08T14:38:08.434208,68.3
2026-07-08T14:38:09.435452,69.95
2026-07-08T14:38:10.436552,71.6
2026-07-08T14:38:11.437573,68.3
2026-07-08T14:38:12.438546,67.75
2026-07-08T14:38:13.439530,66.65
2026-07-08T14:38:14.440497,66.1
2026-07-08T14:38:15.442556,67.2
2026-07-08T14:38:16.447223,70.5
2026-07-08T14:38:17.454026,70.5
2026-07-08T14:38:18.455382,68.85
2026-07-08T14:38:19.456588,68.3
2026-07-08T14:38:20.457838,67.2
2026-07-08T14:38:21.459144,66.65
2026-07-08T14:38:22.460885,66.1
2026-07-08T14:38:23.465679,69.4
2026-07-08T14:38:24.467511,71.05
2026-07-08T14:38:25.469892,72.7
2026-07-08T14:38:26.471114,73.8
2026-07-08T14:38:27.474376,69.95
2026-07-08T14:38:28.475356,68.3
2026-07-08T14:38:29.476332,66.65
2026-07-08T14:38:30.477321,67.2
2026-07-08T14:38:31.482527,68.3
2026-07-08T14:38:32.483816,71.6
2026-07-08T14:38:33.484974,71.6
2026-07-08T14:38:34.486034,69.4
2026-07-08T14:38:35.487015,67.75
2026-07-08T14:38:36.488374,68.85
2026-07-08T14:38:37.489654,71.6
2026-07-08T14:38:38.490992,73.25
2026-07-08T14:38:39.492943,74.35
2026-07-08T14:38:40.494519,75.45
2026-07-08T14:38:41.495988,76.0
2026-07-08T14:38:42.497892,76.0
2026-07-08T14:38:43.499225,77.65
2026-07-08T14:38:44.501006,77.65
2026-07-08T14:38:45.503909,76.55
2026-07-08T14:38:46.506286,77.65
2026-07-08T14:38:47.507305,74.9
2026-07-08T14:38:48.508287,72.15
2026-07-08T14:38:49.509271,70.5
2026-07-08T14:38:50.513544,74.9
2026-07-08T14:38:51.516679,74.9
2026-07-08T14:38:52.522608,76.55
2026-07-08T14:38:53.524796,73.25
2026-07-08T14:38:54.526375,70.5
2026-07-08T14:38:55.532429,72.15
2026-07-08T14:38:56.535699,74.35
2026-07-08T14:38:57.538169,74.9
2026-07-08T14:38:58.539199,73.25
2026-07-08T14:38:59.540168,71.05
2026-07-08T14:39:00.541140,69.4
2026-07-08T14:39:01.543018,69.95
2026-07-08T14:39:02.545113,72.7
2026-07-08T14:39:03.546095,71.6
2026-07-08T14:39:04.547064,68.85
2026-07-08T14:39:05.548030,67.75
2026-07-08T14:39:06.549116,67.2
2026-07-08T14:39:07.550258,66.65
