timestamp,cpu_core_0,cpu_core_1,cpu_core_2,cpu_core_3
2026-07-08T16:42:41.767585,1.0,13.1,0.0,6.0
2026-07-08T16:42:42.767971,0.0,4.0,1.0,4.0
2026-07-08T16:42:43.768429,1.0,4.0,0.0,5.0
2026-07-08T16:42:44.770315,0.0,5.0,0.0,5.0
2026-07-08T16:42:45.771065,15.0,6.0,14.9,4.0
2026-07-08T16:42:46.774226,14.7,2.0,17.0,5.0
2026-07-08T16:42:47.775308,0.0,5.0,0.0,4.0
2026-07-08T16:42:48.776178,0.0,4.0,0.0,6.0
2026-07-08T16:42:49.777651,1.0,6.0,0.0,7.0
2026-07-08T16:42:50.778876,0.0,6.0,0.0,6.0
2026-07-08T16:42:51.781163,1.0,5.9,1.0,7.9
2026-07-08T16:42:52.782004,5.9,2.0,1.0,6.0
2026-07-08T16:42:53.782652,17.2,6.9,47.0,25.3
2026-07-08T16:42:54.783275,4.0,5.0,14.1,14.0
2026-07-08T16:42:55.783900,2.0,4.0,28.7,28.7
2026-07-08T16:42:56.784489,4.0,4.0,1.0,0.0
2026-07-08T16:42:57.785041,4.0,5.0,0.0,0.0
2026-07-08T16:42:58.785743,5.9,6.0,2.0,1.0
2026-07-08T16:42:59.786426,6.0,6.0,2.0,0.0
2026-07-08T16:43:00.787129,6.0,5.0,2.0,1.0
2026-07-08T16:43:01.787826,5.1,6.0,1.0,0.0
2026-07-08T16:43:02.788560,5.0,5.1,2.0,0.0
2026-07-08T16:43:03.789301,6.0,5.1,1.0,0.0
2026-07-08T16:43:04.790005,6.0,6.0,2.0,1.0
2026-07-08T16:43:05.790738,4.0,5.1,1.0,0.0
2026-07-08T16:43:06.791475,6.0,6.0,2.0,0.0
2026-07-08T16:43:07.792190,6.9,6.0,1.0,0.0
2026-07-08T16:43:08.792881,6.0,6.0,2.0,0.0
2026-07-08T16:43:09.793595,6.0,6.9,1.0,1.0
2026-07-08T16:43:10.794398,6.0,5.0,2.0,0.0
2026-07-08T16:43:11.794961,5.1,6.0,1.0,1.0
2026-07-08T16:43:12.795524,5.9,4.0,1.0,3.0
2026-07-08T16:43:13.795967,3.0,7.1,14.0,18.0
2026-07-08T16:43:14.796333,1.0,0.0,4.0,5.0
2026-07-08T16:43:15.796693,0.0,1.0,5.9,4.0
2026-07-08T16:43:16.797054,0.0,0.0,4.0,5.0
2026-07-08T16:43:17.797497,0.0,0.0,5.9,3.0
2026-07-08T16:43:18.798019,1.0,0.0,6.0,5.1
2026-07-08T16:43:19.802479,0.0,0.0,7.8,6.9
2026-07-08T16:43:20.802971,0.0,0.0,6.1,6.0
2026-07-08T16:43:21.806004,1.0,1.0,7.9,6.0
2026-07-08T16:43:22.807091,3.0,0.0,48.5,45.5
2026-07-08T16:43:23.807731,0.0,12.9,5.0,15.0
2026-07-08T16:43:24.808128,0.0,1.0,5.0,4.0
2026-07-08T16:43:25.808521,1.0,0.0,5.0,4.0
2026-07-08T16:43:26.808918,1.0,0.0,5.0,4.0
2026-07-08T16:43:27.809413,0.0,0.0,6.1,6.0
2026-07-08T16:43:28.809955,1.0,0.0,7.0,5.9
2026-07-08T16:43:29.810508,4.0,2.0,6.1,0.0
2026-07-08T16:43:30.811012,2.0,5.0,6.9,0.0
2026-07-08T16:43:31.811622,5.1,3.0,6.1,1.0
2026-07-08T16:43:32.812132,0.0,19.2,5.0,15.0
2026-07-08T16:43:33.812528,1.0,4.0,5.0,0.0
2026-07-08T16:43:34.812921,0.0,4.0,5.0,0.0
2026-07-08T16:43:35.813318,0.0,5.0,4.0,0.0
2026-07-08T16:43:36.813711,0.0,4.0,4.0,0.0
2026-07-08T16:43:37.814172,0.0,6.9,6.1,0.0
2026-07-08T16:43:38.814712,1.0,6.0,7.9,0.0
2026-07-08T16:43:39.815250,4.0,2.0,7.0,1.0
2026-07-08T16:43:40.815782,3.0,4.0,7.0,0.0
2026-07-08T16:43:41.816220,2.0,21.0,5.0,15.0
2026-07-08T16:43:42.816598,0.0,5.0,5.0,0.0
2026-07-08T16:43:43.816972,0.0,4.0,4.0,0.0
2026-07-08T16:43:44.817358,0.0,4.0,5.0,1.0
2026-07-08T16:43:45.817734,1.0,4.0,5.0,0.0
2026-07-08T16:43:46.818207,0.0,5.0,5.1,0.0
2026-07-08T16:43:47.818716,0.0,6.0,6.1,0.0
2026-07-08T16:43:48.819190,0.0,6.0,6.9,1.0
2026-07-08T16:43:49.819732,0.0,5.9,6.0,0.0
2026-07-08T16:43:50.820247,0.0,6.0,6.1,0.0
2026-07-08T16:43:51.820778,1.0,5.1,6.9,0.0
2026-07-08T16:43:52.821321,1.0,5.1,6.1,0.0
2026-07-08T16:43:53.821857,0.0,6.0,7.0,0.0
2026-07-08T16:43:54.822294,2.9,21.0,6.0,14.1
2026-07-08T16:43:55.822683,0.0,3.1,4.0,0.0
2026-07-08T16:43:56.823059,0.0,5.0,4.0,0.0
2026-07-08T16:43:57.823430,0.0,5.0,5.0,0.0
2026-07-08T16:43:58.823805,1.0,4.0,5.0,0.0
2026-07-08T16:43:59.824305,0.0,5.0,5.9,1.0
2026-07-08T16:44:00.825106,2.0,8.0,5.1,2.0
2026-07-08T16:44:01.825912,1.0,19.0,4.0,13.0
2026-07-08T16:44:02.826304,3.0,0.0,4.0,3.0
2026-07-08T16:44:03.826761,4.0,1.0,4.0,0.0
2026-07-08T16:44:04.827134,2.0,1.0,5.0,1.0
2026-07-08T16:44:05.827506,2.9,17.0,5.9,13.0
2026-07-08T16:44:06.827952,0.0,4.0,7.0,2.0
2026-07-08T16:44:07.828468,0.0,0.0,6.1,5.1
2026-07-08T16:44:08.828993,1.0,0.0,7.0,6.0
2026-07-08T16:44:09.829530,0.0,1.0,6.9,5.1
2026-07-08T16:44:10.830043,2.0,0.0,5.1,6.0
2026-07-08T16:44:11.830573,2.0,0.0,6.0,6.1
2026-07-08T16:44:12.831105,2.0,0.0,5.0,5.9
2026-07-08T16:44:13.831636,1.0,0.0,5.1,6.0
2026-07-08T16:44:14.832167,2.0,0.0,5.0,6.0
2026-07-08T16:44:15.832714,2.0,34.0,6.0,35.4
2026-07-08T16:44:16.833174,2.0,24.0,5.9,26.7
2026-07-08T16:44:17.833582,0.0,0.0,4.0,4.0
2026-07-08T16:44:18.833976,2.0,0.0,4.0,4.0
2026-07-08T16:44:19.834372,1.0,1.0,4.0,3.1
2026-07-08T16:44:20.835703,2.0,0.0,5.0,5.9
2026-07-08T16:44:21.836248,1.0,0.0,5.9,6.0
2026-07-08T16:44:22.836816,3.0,20.0,7.0,23.2
2026-07-08T16:44:23.837277,1.0,10.9,4.0,12.1
2026-07-08T16:44:24.837678,2.0,0.0,4.0,4.0
2026-07-08T16:44:25.846003,1.0,0.0,4.0,5.0
2026-07-08T16:44:26.846479,1.0,0.0,4.0,4.0
2026-07-08T16:44:27.847000,1.0,4.0,5.0,0.0
2026-07-08T16:44:28.847576,5.9,8.0,4.0,4.0
2026-07-08T16:44:29.848042,5.1,27.0,3.0,23.2
2026-07-08T16:44:30.848416,5.9,3.0,2.0,0.0
2026-07-08T16:44:31.848781,4.0,1.0,4.0,0.0
2026-07-08T16:44:32.849143,5.0,3.0,1.0,0.0
2026-07-08T16:44:33.849525,5.9,0.0,5.0,0.0
2026-07-08T16:44:34.849977,6.1,2.0,0.0,4.0
2026-07-08T16:44:35.850666,2.0,2.0,4.0,5.1
2026-07-08T16:44:36.851191,3.0,29.7,4.0,32.7
2026-07-08T16:44:37.851877,1.0,6.0,4.0,9.0
2026-07-08T16:44:38.852574,3.0,27.7,4.0,29.0
2026-07-08T16:44:39.853047,2.0,9.0,4.0,11.1
2026-07-08T16:44:40.853443,0.0,1.0,5.0,3.0
2026-07-08T16:44:41.853920,2.0,4.0,4.0,2.0
2026-07-08T16:44:42.854467,1.0,24.8,5.9,23.0
2026-07-08T16:44:43.854916,1.0,12.1,4.0,8.0
2026-07-08T16:44:44.855311,1.0,4.0,3.0,1.0
2026-07-08T16:44:45.855709,1.0,1.0,3.0,3.0
2026-07-08T16:44:46.856106,2.0,4.0,4.0,0.0
2026-07-08T16:44:47.856584,1.0,5.0,4.0,0.0
2026-07-08T16:44:48.857109,1.0,6.0,5.1,0.0
2026-07-08T16:44:49.857651,3.0,26.0,6.0,20.4
2026-07-08T16:44:50.858101,0.0,12.1,5.0,7.0
2026-07-08T16:44:51.858494,2.9,4.0,3.0,0.0
2026-07-08T16:44:52.858887,1.0,5.0,5.0,0.0
2026-07-08T16:44:53.859358,2.0,4.0,4.0,1.0
2026-07-08T16:44:54.859884,1.0,4.0,5.0,0.0
2026-07-08T16:44:55.860505,1.0,6.0,6.0,0.0
2026-07-08T16:44:56.861011,2.0,5.1,5.0,0.0
2026-07-08T16:44:57.861448,1.0,20.0,5.0,17.8
2026-07-08T16:44:58.861837,1.0,1.0,5.0,3.0
2026-07-08T16:44:59.862228,2.0,3.0,4.0,0.0
2026-07-08T16:45:00.862624,1.0,4.0,4.0,1.0
2026-07-08T16:45:01.863016,1.0,4.0,5.0,0.0
2026-07-08T16:45:02.863409,1.0,20.2,5.0,15.2
2026-07-08T16:45:03.863805,1.0,4.0,4.0,0.0
2026-07-08T16:45:04.864194,2.0,4.0,4.0,0.0
2026-07-08T16:45:05.864581,1.0,4.0,5.0,0.0
2026-07-08T16:45:06.864972,0.0,4.0,4.0,0.0
2026-07-08T16:45:07.865446,2.0,4.0,5.0,1.0
2026-07-08T16:45:08.865963,3.0,5.0,6.0,0.0
2026-07-08T16:45:09.866479,2.0,6.0,6.0,1.0
2026-07-08T16:45:10.866975,1.0,5.1,6.9,0.0
2026-07-08T16:45:11.867394,2.0,34.0,5.0,28.3
2026-07-08T16:45:12.867769,1.0,4.0,4.0,0.0
2026-07-08T16:45:13.868141,1.0,4.0,3.0,2.0
2026-07-08T16:45:14.868508,1.0,4.0,0.0,4.0
2026-07-08T16:45:15.868871,2.0,4.0,0.0,4.0
2026-07-08T16:45:16.869376,1.0,5.9,1.0,5.0
2026-07-08T16:45:17.869972,2.0,5.1,1.0,5.1
2026-07-08T16:45:18.870455,2.0,6.0,0.0,6.0
2026-07-08T16:45:19.870942,1.0,5.9,0.0,6.9
2026-07-08T16:45:20.871527,1.0,11.0,0.0,12.0
2026-07-08T16:45:21.871991,1.0,15.0,0.0,13.1
2026-07-08T16:45:22.872356,2.0,3.0,1.0,3.0
2026-07-08T16:45:23.872719,0.0,4.0,0.0,5.0
2026-07-08T16:45:24.873080,1.0,3.0,0.0,4.0
2026-07-08T16:45:25.873447,1.0,4.0,0.0,5.0
2026-07-08T16:45:26.873896,2.0,5.9,0.0,6.0
2026-07-08T16:45:27.874327,2.0,21.0,1.0,19.8
2026-07-08T16:45:28.874696,1.0,4.0,5.0,0.0
2026-07-08T16:45:29.875064,1.0,4.0,4.0,0.0
2026-07-08T16:45:30.875427,1.0,4.0,4.0,0.0
2026-07-08T16:45:31.875791,2.0,4.0,5.0,0.0
2026-07-08T16:45:32.876236,1.0,5.0,5.0,0.0
2026-07-08T16:45:33.876744,2.0,5.1,6.0,0.0
2026-07-08T16:45:34.877283,1.0,5.9,6.0,2.0
2026-07-08T16:45:35.877892,0.0,11.1,6.0,8.1
2026-07-08T16:45:36.878607,1.0,46.9,4.0,43.6
2026-07-08T16:45:37.879088,0.0,38.0,5.0,32.7
2026-07-08T16:45:38.879462,0.0,3.0,4.0,2.0
2026-07-08T16:45:39.879831,1.0,4.0,5.0,0.0
2026-07-08T16:45:40.880198,1.0,4.0,2.0,1.0
2026-07-08T16:45:41.880661,4.0,6.0,3.0,1.0
2026-07-08T16:45:42.881172,6.0,0.0,0.0,7.0
2026-07-08T16:45:43.881812,2.0,9.0,3.0,12.9
2026-07-08T16:45:44.882299,1.0,29.3,0.0,28.0
2026-07-08T16:45:45.882665,0.0,3.0,1.0,4.0
2026-07-08T16:45:46.883028,1.0,4.0,0.0,5.0
2026-07-08T16:45:47.883387,0.0,5.0,0.0,4.0
2026-07-08T16:45:48.883764,1.0,5.0,1.0,5.0
2026-07-08T16:45:49.884212,0.0,6.0,0.0,6.0
2026-07-08T16:45:50.884698,1.0,5.1,0.0,7.0
2026-07-08T16:45:51.885217,0.0,6.0,1.0,7.0
2026-07-08T16:45:52.885718,1.0,6.0,0.0,6.9
2026-07-08T16:45:53.886178,0.0,6.0,1.0,7.0
2026-07-08T16:45:54.886639,0.0,6.9,0.0,7.0
2026-07-08T16:45:55.887096,0.0,6.0,0.0,6.0
2026-07-08T16:45:56.887552,1.0,6.0,0.0,7.0
2026-07-08T16:45:57.888024,0.0,6.0,0.0,7.0
2026-07-08T16:45:58.888490,1.0,5.0,0.0,6.9
2026-07-08T16:45:59.888973,1.0,6.0,0.0,7.0
2026-07-08T16:46:00.889411,0.0,21.2,2.0,20.2
2026-07-08T16:46:01.889779,0.0,5.0,0.0,5.0
2026-07-08T16:46:02.890148,0.0,5.0,0.0,4.0
2026-07-08T16:46:03.890512,0.0,4.0,0.0,5.0
2026-07-08T16:46:04.890883,3.0,2.0,0.0,6.0
2026-07-08T16:46:05.891522,1.0,12.0,0.0,12.9
2026-07-08T16:46:06.892175,1.0,26.7,1.0,25.0
2026-07-08T16:46:07.892541,2.0,3.0,0.0,4.0
2026-07-08T16:46:08.892906,1.0,4.0,2.0,4.0
2026-07-08T16:46:09.893280,1.0,4.0,0.0,5.0
2026-07-08T16:46:10.893716,1.0,4.0,0.0,4.0
2026-07-08T16:46:11.894316,1.0,13.0,2.0,13.0
2026-07-08T16:46:12.895308,2.0,48.5,2.0,44.4
2026-07-08T16:46:13.896154,1.0,45.0,1.0,42.4
2026-07-08T16:46:14.896757,2.0,45.0,2.0,42.0
2026-07-08T16:46:15.897365,1.0,45.0,3.0,41.4
2026-07-08T16:46:16.898002,1.0,45.0,2.0,41.4
2026-07-08T16:46:17.898489,0.0,10.0,0.0,9.1
2026-07-08T16:46:18.898863,1.0,4.0,0.0,4.0
2026-07-08T16:46:19.899226,1.0,4.0,0.0,4.0
2026-07-08T16:46:20.899590,1.0,4.0,0.0,5.0
2026-07-08T16:46:21.900389,1.0,25.3,1.0,25.0
2026-07-08T16:46:22.901215,1.0,26.0,1.0,24.2
2026-07-08T16:46:23.901595,2.0,4.0,3.0,1.0
2026-07-08T16:46:24.901961,1.0,3.0,4.0,0.0
2026-07-08T16:46:25.902333,2.0,4.0,4.0,1.0
2026-07-08T16:46:26.902708,1.0,4.0,2.0,2.0
2026-07-08T16:46:27.903200,1.0,2.0,5.0,4.0
2026-07-08T16:46:28.903629,1.0,16.0,5.1,20.2
2026-07-08T16:46:29.903999,1.0,0.0,4.9,4.0
2026-07-08T16:46:30.904367,2.0,0.0,4.0,4.0
2026-07-08T16:46:31.904809,2.0,3.0,4.0,0.0
2026-07-08T16:46:32.905270,1.0,4.0,4.0,0.0
2026-07-08T16:46:33.905915,1.0,12.1,6.0,7.1
2026-07-08T16:46:34.906800,2.0,46.5,6.0,39.4
2026-07-08T16:46:35.907796,1.0,46.0,6.0,37.8
2026-07-08T16:46:36.908278,1.0,22.0,4.0,17.0
2026-07-08T16:46:37.908650,1.0,4.0,4.0,0.0
2026-07-08T16:46:38.909074,1.0,5.0,3.0,0.0
2026-07-08T16:46:39.909555,1.0,6.0,6.0,0.0
2026-07-08T16:46:40.910099,2.0,30.3,6.9,24.0
2026-07-08T16:46:41.910710,1.0,45.0,6.0,38.0
2026-07-08T16:46:42.911165,3.0,22.8,4.0,17.0
2026-07-08T16:46:43.911538,2.0,4.0,3.0,0.0
2026-07-08T16:46:44.911905,0.0,2.0,4.0,2.0
2026-07-08T16:46:45.912328,2.0,2.0,5.0,3.0
2026-07-08T16:46:46.912849,1.0,0.0,5.0,6.9
2026-07-08T16:46:47.913381,2.0,0.0,5.1,6.0
2026-07-08T16:46:48.913870,2.0,0.0,5.0,5.1
2026-07-08T16:46:49.914366,1.0,0.0,5.1,6.0
2026-07-08T16:46:50.914885,1.0,0.0,6.0,6.9
2026-07-08T16:46:51.915315,0.0,16.0,4.0,19.8
2026-07-08T16:46:52.915692,2.0,0.0,5.0,4.0
2026-07-08T16:46:53.916063,2.0,0.0,4.0,4.0
2026-07-08T16:46:54.916428,1.0,0.0,4.0,4.0
2026-07-08T16:46:55.916790,0.0,0.0,4.0,4.0
2026-07-08T16:46:56.917225,2.0,0.0,5.0,5.0
2026-07-08T16:46:57.917720,1.0,0.0,5.0,7.0
2026-07-08T16:46:58.918187,2.0,0.0,6.0,6.0
2026-07-08T16:46:59.918658,6.1,1.0,5.1,0.0
2026-07-08T16:47:00.919141,6.9,0.0,6.0,1.0
2026-07-08T16:47:01.919631,6.1,1.0,6.0,0.0
2026-07-08T16:47:02.920118,5.9,0.0,7.0,0.0
2026-07-08T16:47:03.920696,6.0,0.0,6.1,0.0
2026-07-08T16:47:04.921293,5.0,0.0,5.9,3.0
2026-07-08T16:47:05.921910,5.1,4.0,1.0,2.0
2026-07-08T16:47:06.922419,5.0,0.0,2.0,6.0
2026-07-08T16:47:07.922945,5.1,10.0,2.0,14.1
2026-07-08T16:47:08.923386,4.0,7.9,1.0,8.2
2026-07-08T16:47:09.923764,5.0,1.0,1.0,4.0
2026-07-08T16:47:10.924138,4.0,0.0,1.0,4.0
2026-07-08T16:47:11.924630,4.0,24.2,2.0,26.0
2026-07-08T16:47:12.925183,4.0,30.0,2.0,33.0
2026-07-08T16:47:13.925687,6.0,1.0,1.0,5.0
2026-07-08T16:47:14.926102,4.0,15.2,1.0,20.0
2026-07-08T16:47:15.926477,4.0,0.0,2.0,5.0
2026-07-08T16:47:16.926922,4.0,1.0,1.0,5.0
2026-07-08T16:47:17.927291,4.0,0.0,1.0,4.0
2026-07-08T16:47:18.927664,4.0,1.0,1.0,3.0
2026-07-08T16:47:19.928100,4.0,0.0,3.0,5.0
2026-07-08T16:47:20.928602,6.0,0.0,1.0,6.0
2026-07-08T16:47:21.929096,6.0,0.0,1.0,6.0
2026-07-08T16:47:22.929656,7.9,10.9,2.0,16.0
2026-07-08T16:47:23.930146,3.0,6.0,1.0,9.0
2026-07-08T16:47:24.930518,3.0,4.0,3.0,0.0
2026-07-08T16:47:25.930889,1.0,2.0,5.0,0.0
2026-07-08T16:47:26.931261,3.0,2.0,5.0,0.0
2026-07-08T16:47:27.931751,5.0,11.0,5.0,10.0
2026-07-08T16:47:28.932247,6.0,20.0,6.0,18.2
2026-07-08T16:47:29.932646,4.0,0.0,5.0,0.0
2026-07-08T16:47:30.933021,5.0,0.0,4.0,0.0
2026-07-08T16:47:31.933435,4.0,14.0,5.0,12.1
2026-07-08T16:47:32.933825,4.0,1.0,5.1,0.0
2026-07-08T16:47:33.934288,5.9,0.0,6.0,0.0
2026-07-08T16:47:34.934793,6.0,0.0,7.9,0.0
2026-07-08T16:47:35.935236,5.0,17.0,6.0,17.0
2026-07-08T16:47:36.935718,0.0,0.0,5.0,4.0
2026-07-08T16:47:37.936121,0.0,0.0,4.0,4.0
2026-07-08T16:47:38.936503,0.0,0.0,5.0,5.0
2026-07-08T16:47:39.936881,0.0,0.0,5.0,4.0
2026-07-08T16:47:40.937360,0.0,14.9,5.0,16.2
2026-07-08T16:47:41.937889,0.0,0.0,6.1,6.0
2026-07-08T16:47:42.938388,1.0,0.0,7.0,6.0
2026-07-08T16:47:43.938855,0.0,0.0,6.1,6.9
2026-07-08T16:47:44.939268,2.0,2.0,20.2,20.0
2026-07-08T16:47:45.939636,0.0,1.0,5.0,4.0
2026-07-08T16:47:46.939999,0.0,0.0,4.0,4.0
2026-07-08T16:47:47.940367,0.0,0.0,4.0,4.0
2026-07-08T16:47:48.940749,0.0,0.0,4.0,4.0
2026-07-08T16:47:49.941185,0.0,0.0,6.0,5.0
2026-07-08T16:47:50.941729,7.0,6.9,7.0,15.0
2026-07-08T16:47:51.942224,5.1,3.0,5.0,4.0
2026-07-08T16:47:52.942664,0.0,4.0,3.0,3.0
2026-07-08T16:47:53.943119,1.0,4.0,1.0,4.0
2026-07-08T16:47:54.943566,0.0,4.0,1.0,4.0
2026-07-08T16:47:55.944101,0.0,4.0,2.0,4.0
2026-07-08T16:47:56.944607,1.0,5.1,1.0,6.0
2026-07-08T16:47:57.945040,16.2,5.0,1.0,20.0
2026-07-08T16:47:58.945422,1.0,4.0,4.0,1.0
2026-07-08T16:47:59.945794,0.0,2.0,4.0,2.0
2026-07-08T16:48:00.946162,0.0,0.0,4.0,4.0
2026-07-08T16:48:01.946529,1.0,0.0,5.9,2.0
2026-07-08T16:48:02.946987,4.0,0.0,5.1,3.0
2026-07-08T16:48:03.947506,6.0,0.0,7.0,0.0
2026-07-08T16:48:04.947997,3.0,1.0,6.1,4.0
2026-07-08T16:48:05.948507,11.9,1.0,5.0,17.8
2026-07-08T16:48:06.948966,5.0,5.0,2.0,8.0
2026-07-08T16:48:07.949345,5.0,0.0,1.0,4.0
2026-07-08T16:48:08.949782,3.0,1.0,1.0,4.0
2026-07-08T16:48:09.950231,0.0,5.0,1.0,4.0
2026-07-08T16:48:10.950772,1.0,4.0,1.0,4.0
2026-07-08T16:48:11.951262,2.0,2.0,3.0,6.0
2026-07-08T16:48:12.951767,22.5,3.0,1.0,23.2
2026-07-08T16:48:13.952140,3.0,1.0,2.0,4.0
2026-07-08T16:48:14.952507,1.0,5.0,0.0,4.0
2026-07-08T16:48:15.952870,2.0,4.0,0.0,4.0
2026-07-08T16:48:16.953244,0.0,4.0,0.0,4.0
2026-07-08T16:48:17.953671,1.0,4.0,2.0,4.0
2026-07-08T16:48:18.954142,1.0,5.1,0.0,5.0
2026-07-08T16:48:19.954547,16.2,5.0,1.0,20.0
2026-07-08T16:48:20.954908,2.0,4.0,0.0,5.0
2026-07-08T16:48:21.955274,1.0,4.0,0.0,4.0
2026-07-08T16:48:22.955639,1.0,5.0,0.0,3.0
2026-07-08T16:48:23.956001,1.0,4.0,1.0,4.0
2026-07-08T16:48:24.956421,1.0,5.0,0.0,4.0
2026-07-08T16:48:25.957599,2.0,5.9,43.6,46.0
2026-07-08T16:48:26.958203,1.0,4.0,40.4,43.6
2026-07-08T16:48:27.958688,2.0,2.0,17.2,17.0
2026-07-08T16:48:28.959066,1.0,4.0,3.0,2.0
2026-07-08T16:48:29.959442,1.0,4.0,0.0,4.0
2026-07-08T16:48:30.959877,1.0,5.0,1.0,5.9
2026-07-08T16:48:31.960362,3.0,6.0,0.0,3.0
2026-07-08T16:48:32.960873,3.0,5.1,0.0,5.0
2026-07-08T16:48:33.961435,1.0,6.0,0.0,6.0
2026-07-08T16:48:34.961974,1.0,6.0,1.0,5.1
2026-07-08T16:48:35.962468,2.0,1.0,2.0,6.1
2026-07-08T16:48:36.962949,4.0,0.0,2.0,6.9
2026-07-08T16:48:37.963428,6.0,0.0,0.0,6.1
2026-07-08T16:48:38.963904,6.0,1.0,1.0,7.0
2026-07-08T16:48:39.964390,6.9,0.0,1.0,7.0
2026-07-08T16:48:40.964905,5.1,0.0,0.0,6.0
2026-07-08T16:48:41.965417,6.0,1.0,1.0,6.1
2026-07-08T16:48:42.965900,6.0,0.0,0.0,7.0
2026-07-08T16:48:43.966367,6.0,0.0,1.0,6.0
2026-07-08T16:48:44.966863,6.0,0.0,1.0,7.0
2026-07-08T16:48:45.967370,6.0,1.0,0.0,5.1
2026-07-08T16:48:46.967859,6.0,0.0,0.0,6.9
2026-07-08T16:48:47.968399,6.0,0.0,13.1,19.2
2026-07-08T16:48:48.968884,3.0,2.0,45.5,45.5
2026-07-08T16:48:49.969340,4.0,30.3,14.9,42.6
2026-07-08T16:48:50.969794,2.0,46.0,0.0,41.8
2026-07-08T16:48:51.970204,1.0,15.0,2.0,16.2
2026-07-08T16:48:52.970638,5.0,0.0,0.0,5.0
2026-07-08T16:48:53.971105,5.9,1.0,1.0,6.9
2026-07-08T16:48:54.971576,6.0,0.0,1.0,7.0
2026-07-08T16:48:55.972043,6.0,0.0,1.0,7.0
2026-07-08T16:48:56.972458,5.1,16.0,0.0,21.0
2026-07-08T16:48:57.972828,2.0,1.0,2.0,4.0
2026-07-08T16:48:58.973200,0.0,5.0,1.0,4.0
2026-07-08T16:48:59.973601,0.0,4.0,0.0,5.0
2026-07-08T16:49:00.973971,2.0,4.0,0.0,5.0
2026-07-08T16:49:01.974426,0.0,2.0,4.0,4.0
2026-07-08T16:49:02.974929,0.0,0.0,6.0,7.0
2026-07-08T16:49:03.975461,1.0,0.0,7.9,6.1
2026-07-08T16:49:04.975937,1.0,2.0,4.0,6.9
2026-07-08T16:49:05.976409,0.0,0.0,5.1,6.1
2026-07-08T16:49:06.976821,1.0,16.0,5.0,19.2
2026-07-08T16:49:07.977194,0.0,1.0,4.0,5.0
2026-07-08T16:49:08.977590,0.0,0.0,4.0,4.0
2026-07-08T16:49:09.977959,0.0,0.0,5.0,5.9
2026-07-08T16:49:10.978327,0.0,0.0,4.0,4.0
2026-07-08T16:49:11.978781,0.0,0.0,5.0,5.9
2026-07-08T16:49:12.979273,0.0,0.0,6.9,7.0
2026-07-08T16:49:13.979771,1.0,0.0,6.0,7.0
2026-07-08T16:49:14.980268,0.0,0.0,5.1,7.8
2026-07-08T16:49:15.980827,0.0,1.0,6.0,6.1
2026-07-08T16:49:16.981314,2.0,28.3,6.9,32.3
2026-07-08T16:49:17.981723,1.0,27.3,5.0,28.6
2026-07-08T16:49:18.982107,1.0,0.0,4.0,5.0
2026-07-08T16:49:19.982478,0.0,0.0,4.0,5.0
2026-07-08T16:49:20.982862,0.0,1.0,4.0,4.0
2026-07-08T16:49:21.983320,0.0,0.0,5.0,5.0
2026-07-08T16:49:22.983840,0.0,0.0,6.0,7.9
2026-07-08T16:49:23.984360,0.0,0.0,6.9,6.1
2026-07-08T16:49:24.984873,0.0,0.0,6.1,6.1
2026-07-08T16:49:25.985522,1.0,14.0,6.9,19.2
2026-07-08T16:49:26.986140,1.0,15.2,4.0,17.2
2026-07-08T16:49:27.986526,0.0,0.0,5.0,5.0
2026-07-08T16:49:28.986905,1.0,3.0,0.0,5.0
2026-07-08T16:49:29.987282,0.0,5.0,1.0,4.0
2026-07-08T16:49:30.987732,1.0,3.0,0.0,5.0
2026-07-08T16:49:31.988227,0.0,6.0,0.0,7.0
2026-07-08T16:49:32.988655,1.0,21.8,0.0,20.0
2026-07-08T16:49:33.989042,0.0,4.0,0.0,5.0
2026-07-08T16:49:34.989428,1.0,4.0,0.0,4.0
2026-07-08T16:49:35.989805,1.0,4.0,0.0,4.0
2026-07-08T16:49:36.990178,1.0,4.0,0.0,5.0
2026-07-08T16:49:37.990613,2.0,4.0,1.0,6.0
2026-07-08T16:49:38.991096,6.0,2.0,3.0,4.0
2026-07-08T16:49:39.991519,0.0,21.8,5.1,16.0
2026-07-08T16:49:40.991894,0.0,5.0,4.0,1.0
2026-07-08T16:49:41.992264,0.0,4.0,4.0,0.0
2026-07-08T16:49:42.992626,1.0,5.0,4.0,1.0
2026-07-08T16:49:43.992988,0.0,4.0,4.0,1.0
2026-07-08T16:49:44.993454,2.0,3.0,4.0,1.0
2026-07-08T16:49:45.993945,0.0,6.0,6.0,1.0
2026-07-08T16:49:46.994424,1.0,6.0,5.1,2.0
2026-07-08T16:49:47.994904,0.0,6.0,6.0,1.0
2026-07-08T16:49:48.995379,1.0,6.0,5.9,1.0
2026-07-08T16:49:49.995848,0.0,6.0,5.1,2.0
2026-07-08T16:49:50.996322,0.0,6.0,6.0,1.0
2026-07-08T16:49:51.996812,1.0,6.9,6.0,2.0
2026-07-08T16:49:52.997314,0.0,6.0,6.0,1.0
2026-07-08T16:49:53.997803,1.0,6.0,5.1,2.0
2026-07-08T16:49:54.998291,0.0,6.0,5.9,1.0
2026-07-08T16:49:55.998709,0.0,21.0,6.0,15.2
2026-07-08T16:49:56.999076,1.0,4.0,4.0,2.0
2026-07-08T16:49:57.999523,0.0,4.0,5.0,0.0
2026-07-08T16:49:58.999894,0.0,3.1,4.0,1.0
2026-07-08T16:50:00.000261,1.0,4.0,4.0,2.0
2026-07-08T16:50:01.000682,0.0,6.9,5.0,1.0
2026-07-08T16:50:02.001090,0.0,20.4,5.1,17.0
2026-07-08T16:50:03.001458,0.0,5.0,5.0,1.0
2026-07-08T16:50:04.001823,0.0,4.0,4.0,1.0
2026-07-08T16:50:05.002188,1.0,4.0,4.0,1.0
2026-07-08T16:50:06.002554,0.0,4.0,4.0,0.0
2026-07-08T16:50:07.003005,1.0,4.0,4.0,2.0
2026-07-08T16:50:08.003512,1.0,6.0,6.0,1.0
2026-07-08T16:50:09.003995,0.0,6.0,6.0,1.0
2026-07-08T16:50:10.004536,0.0,21.2,6.9,16.0
2026-07-08T16:50:11.005041,1.0,45.5,6.0,39.0
2026-07-08T16:50:12.005579,0.0,4.0,3.0,1.0
2026-07-08T16:50:13.005948,1.0,4.0,4.0,1.0
2026-07-08T16:50:14.006316,0.0,5.0,5.0,1.0
2026-07-08T16:50:15.006751,1.0,4.0,3.0,0.0
2026-07-08T16:50:16.007245,0.0,6.9,5.0,2.0
2026-07-08T16:50:17.007732,1.0,6.0,7.8,1.0
2026-07-08T16:50:18.008188,0.0,48.5,6.1,41.4
2026-07-08T16:50:19.008561,0.0,4.0,4.0,1.0
2026-07-08T16:50:20.008926,0.0,5.0,4.0,2.0
2026-07-08T16:50:21.009296,0.0,4.0,5.0,1.0
2026-07-08T16:50:22.009659,0.0,4.0,4.0,1.0
2026-07-08T16:50:23.010092,0.0,6.0,5.0,0.0
2026-07-08T16:50:24.010579,0.0,5.0,6.0,1.0
2026-07-08T16:50:25.011061,1.0,6.0,6.0,1.0
2026-07-08T16:50:26.011548,0.0,5.1,6.0,2.0
2026-07-08T16:50:27.012009,1.0,48.0,6.1,42.0
2026-07-08T16:50:28.012386,0.0,18.0,5.0,13.0
2026-07-08T16:50:29.012753,0.0,4.0,4.0,1.0
2026-07-08T16:50:30.013118,0.0,4.0,4.0,1.0
2026-07-08T16:50:31.013500,2.0,4.0,4.0,1.0
2026-07-08T16:50:32.013941,5.0,5.0,2.0,1.0
2026-07-08T16:50:33.014445,6.0,6.0,0.0,1.0
2026-07-08T16:50:34.014971,4.0,5.9,3.0,2.0
2026-07-08T16:50:35.015448,1.0,46.5,3.0,44.9
2026-07-08T16:50:36.015876,0.0,43.9,2.0,42.4
2026-07-08T16:50:37.016266,1.0,31.7,2.0,29.3
2026-07-08T16:50:38.016721,0.0,3.0,0.0,5.0
2026-07-08T16:50:39.017169,0.0,4.0,0.0,5.9
2026-07-08T16:50:40.017729,5.9,5.0,1.0,2.0
2026-07-08T16:50:41.018256,2.0,4.0,2.0,4.0
2026-07-08T16:50:42.018777,0.0,0.0,5.1,6.0
2026-07-08T16:50:43.019280,0.0,0.0,6.0,7.0
2026-07-08T16:50:44.019744,0.0,17.0,7.0,21.8
2026-07-08T16:50:45.020165,2.0,42.0,5.0,43.0
2026-07-08T16:50:46.020638,2.0,3.0,0.0,4.0
2026-07-08T16:50:47.021084,1.0,1.0,2.0,5.0
2026-07-08T16:50:48.021453,2.0,1.0,3.0,4.0
2026-07-08T16:50:49.021938,2.0,17.2,0.0,19.0
2026-07-08T16:50:50.022416,1.0,44.0,2.0,43.0
2026-07-08T16:50:51.022796,2.0,17.8,1.0,17.8
2026-07-08T16:50:52.023170,3.0,1.0,0.0,5.0
2026-07-08T16:50:53.023540,0.0,3.0,2.9,5.0
2026-07-08T16:50:54.023909,1.0,2.0,0.0,4.0
2026-07-08T16:50:55.024355,6.9,1.0,0.0,6.1
2026-07-08T16:50:56.024841,5.1,1.0,0.0,6.9
2026-07-08T16:50:57.025361,6.0,0.0,1.0,6.1
2026-07-08T16:50:58.025869,2.0,2.0,2.0,7.0
2026-07-08T16:50:59.026362,0.0,2.0,4.0,7.8
2026-07-08T16:51:00.026875,0.0,6.0,0.0,6.1
2026-07-08T16:51:01.027399,1.0,6.0,0.0,7.0
2026-07-08T16:51:02.027906,1.0,0.0,6.0,6.9
2026-07-08T16:51:03.028443,0.0,0.0,6.9,6.1
2026-07-08T16:51:04.028954,1.0,6.0,0.0,7.0
2026-07-08T16:51:05.029484,0.0,5.1,0.0,6.1
2026-07-08T16:51:06.029991,1.0,6.0,0.0,7.8
2026-07-08T16:51:07.030476,0.0,5.1,1.0,7.0
2026-07-08T16:51:08.030899,0.0,21.0,1.0,20.8
2026-07-08T16:51:09.031270,1.0,4.0,0.0,5.0
2026-07-08T16:51:10.031638,1.0,4.0,1.0,4.0
2026-07-08T16:51:11.032002,0.0,4.0,0.0,5.0
2026-07-08T16:51:12.032379,1.0,5.0,1.0,4.0
2026-07-08T16:51:13.032792,0.0,21.8,1.0,20.2
2026-07-08T16:51:14.033209,1.0,45.0,3.0,41.4
2026-07-08T16:51:15.033594,0.0,18.0,0.0,17.2
2026-07-08T16:51:16.033961,1.0,4.0,1.0,4.0
2026-07-08T16:51:17.034331,0.0,4.0,0.0,5.0
2026-07-08T16:51:18.034786,0.0,5.0,0.0,4.0
2026-07-08T16:51:19.035284,0.0,6.0,1.0,6.1
2026-07-08T16:51:20.035832,1.0,6.0,0.0,7.0
2026-07-08T16:51:21.036334,0.0,6.0,0.0,6.1
2026-07-08T16:51:22.036837,0.0,5.9,2.0,6.1
2026-07-08T16:51:23.037319,2.0,48.0,2.0,46.0
2026-07-08T16:51:24.037754,0.0,45.0,2.0,43.1
2026-07-08T16:51:25.038176,1.0,45.5,2.0,43.0
2026-07-08T16:51:26.038600,0.0,45.0,3.0,41.8
2026-07-08T16:51:27.039027,1.0,45.5,2.0,42.0
2026-07-08T16:51:28.039471,0.0,46.0,2.0,43.4
2026-07-08T16:51:29.039918,1.0,45.0,1.0,42.4
2026-07-08T16:51:30.040320,0.0,5.0,1.0,5.0
2026-07-08T16:51:31.040695,0.0,3.1,0.0,5.0
2026-07-08T16:51:32.041070,1.0,5.0,0.0,4.0
2026-07-08T16:51:33.041531,1.0,5.9,0.0,5.1
2026-07-08T16:51:34.042049,0.0,6.0,1.0,6.0
2026-07-08T16:51:35.042554,2.0,2.0,2.0,7.0
2026-07-08T16:51:36.043035,3.0,0.0,4.0,7.0
2026-07-08T16:51:37.043519,3.0,0.0,3.0,6.0
2026-07-08T16:51:38.044029,2.0,0.0,5.0,6.1
2026-07-08T16:51:39.044535,1.0,1.0,5.1,7.0
2026-07-08T16:51:40.045051,5.1,0.0,6.9,1.0
2026-07-08T16:51:41.045583,6.0,0.0,5.1,1.0
2026-07-08T16:51:42.046079,5.9,0.0,6.0,1.0
2026-07-08T16:51:43.046560,6.0,0.0,7.0,1.0
2026-07-08T16:51:44.047067,5.1,1.0,6.0,1.0
2026-07-08T16:51:45.047584,5.9,0.0,6.0,0.0
2026-07-08T16:51:46.048067,5.1,30.0,7.0,29.7
2026-07-08T16:51:47.048446,3.0,2.0,4.0,1.0
2026-07-08T16:51:48.048813,1.0,3.0,3.0,0.0
2026-07-08T16:51:49.049185,2.9,1.0,4.0,2.0
2026-07-08T16:51:50.049580,0.0,0.0,4.0,5.0
2026-07-08T16:51:51.050037,0.0,4.9,4.0,2.0
2026-07-08T16:51:52.050545,3.0,1.0,5.1,4.0
2026-07-08T16:51:53.051041,2.0,1.0,6.0,5.0
2026-07-08T16:51:54.051560,3.0,3.0,6.0,2.0
2026-07-08T16:51:55.052063,0.0,6.1,6.0,0.0
2026-07-08T16:51:56.052533,3.0,7.0,18.2,16.2
2026-07-08T16:51:57.052919,3.0,5.0,0.0,1.0
2026-07-08T16:51:58.053287,1.0,4.0,1.0,4.0
2026-07-08T16:51:59.053651,1.0,5.0,0.0,4.0
2026-07-08T16:52:00.054013,0.0,3.1,0.0,5.0
2026-07-08T16:52:01.054461,0.0,4.0,1.0,4.0
2026-07-08T16:52:02.054955,0.0,7.0,1.0,6.0
2026-07-08T16:52:03.055384,2.0,7.0,31.0,26.8
2026-07-08T16:52:04.055763,3.0,5.9,0.0,0.0
2026-07-08T16:52:05.056221,4.0,5.0,1.0,0.0
2026-07-08T16:52:06.056588,4.0,5.9,0.0,1.0
2026-07-08T16:52:07.056955,4.0,5.0,0.0,0.0
2026-07-08T16:52:08.057470,5.0,6.0,0.0,0.0
2026-07-08T16:52:09.057940,6.0,16.0,8.9,16.0
2026-07-08T16:52:10.058319,4.0,4.0,1.0,0.0
2026-07-08T16:52:11.058683,4.0,5.0,1.0,0.0
2026-07-08T16:52:12.059079,4.0,5.0,0.0,0.0
2026-07-08T16:52:13.059461,4.0,4.0,1.0,0.0
2026-07-08T16:52:14.059922,5.0,4.0,1.0,0.0
2026-07-08T16:52:15.060436,2.0,4.0,1.0,5.0
2026-07-08T16:52:16.060870,16.0,5.1,14.1,6.1
2026-07-08T16:52:17.061250,0.0,4.0,1.0,4.0
2026-07-08T16:52:18.061621,0.0,4.0,1.0,4.0
2026-07-08T16:52:19.061995,2.0,3.0,1.0,4.0
2026-07-08T16:52:20.062378,15.8,17.0,26.0,5.9
2026-07-08T16:52:21.062920,0.0,6.0,2.0,5.0
2026-07-08T16:52:22.063414,1.0,6.0,2.0,5.1
2026-07-08T16:52:23.063895,0.0,6.0,1.0,5.1
2026-07-08T16:52:24.064410,0.0,5.1,2.0,5.9
2026-07-08T16:52:25.064844,0.0,20.2,16.0,5.1
2026-07-08T16:52:26.065210,0.0,4.0,1.0,4.0
2026-07-08T16:52:27.065597,0.0,5.0,1.0,4.0
2026-07-08T16:52:28.065959,0.0,4.0,1.0,3.0
2026-07-08T16:52:29.066324,1.0,31.3,26.0,5.9
2026-07-08T16:52:30.066765,0.0,19.8,14.0,6.0
2026-07-08T16:52:31.067288,4.0,2.0,2.0,4.0
2026-07-08T16:52:32.067806,4.0,2.0,6.9,2.0
2026-07-08T16:52:33.068312,4.0,0.0,6.1,3.0
2026-07-08T16:52:34.068771,6.0,15.2,20.2,1.0
2026-07-08T16:52:35.069152,5.0,28.0,30.0,1.0
2026-07-08T16:52:36.069532,0.0,0.0,4.0,4.0
2026-07-08T16:52:37.069895,0.0,2.0,5.0,3.0
2026-07-08T16:52:38.070258,0.0,5.0,5.0,0.0
2026-07-08T16:52:39.070686,1.0,4.0,4.0,0.0
2026-07-08T16:52:40.071194,2.0,1.0,6.9,3.0
2026-07-08T16:52:41.071613,4.0,31.3,33.3,3.0
2026-07-08T16:52:42.071986,4.0,41.0,44.6,1.0
2026-07-08T16:52:43.072352,3.0,14.0,18.0,3.0
2026-07-08T16:52:44.072717,0.0,0.0,4.0,4.0
2026-07-08T16:52:45.073082,0.0,0.0,4.0,5.0
2026-07-08T16:52:46.073549,1.0,0.0,6.0,5.0
2026-07-08T16:52:47.074074,3.0,0.0,7.9,4.0
2026-07-08T16:52:48.074568,6.0,0.0,7.0,0.0
2026-07-08T16:52:49.075057,1.0,0.0,7.0,5.1
2026-07-08T16:52:50.075614,0.0,43.4,14.0,40.2
2026-07-08T16:52:51.075990,2.0,41.0,4.0,43.4
2026-07-08T16:52:52.076364,1.0,17.0,1.0,16.2
2026-07-08T16:52:53.076739,1.0,3.0,1.0,4.0
2026-07-08T16:52:54.077109,2.0,3.0,1.0,5.0
2026-07-08T16:52:55.077559,2.0,5.9,0.0,4.0
2026-07-08T16:52:56.078060,6.0,4.0,3.0,1.0
2026-07-08T16:52:57.078553,0.0,0.0,6.9,6.0
2026-07-08T16:52:58.079073,0.0,0.0,7.0,6.0
2026-07-08T16:52:59.079558,1.0,15.0,6.9,20.0
2026-07-08T16:53:00.079943,1.0,0.0,4.0,4.0
2026-07-08T16:53:01.080331,0.0,0.0,5.0,5.0
2026-07-08T16:53:02.080711,0.0,0.0,4.0,4.0
2026-07-08T16:53:03.081078,1.0,1.0,5.0,4.0
2026-07-08T16:53:04.081535,0.0,28.0,4.0,30.7
2026-07-08T16:53:05.082059,0.0,0.0,6.9,5.1
2026-07-08T16:53:06.082605,2.9,1.0,7.0,6.0
2026-07-08T16:53:07.083143,0.0,0.0,6.0,5.9
2026-07-08T16:53:08.083623,0.0,15.8,7.0,20.2
2026-07-08T16:53:09.084015,1.0,0.0,4.0,5.0
2026-07-08T16:53:10.084401,0.0,0.0,5.0,4.0
2026-07-08T16:53:11.084787,1.0,0.0,5.0,4.0
2026-07-08T16:53:12.085177,0.0,27.3,5.9,29.0
2026-07-08T16:53:13.085672,2.0,4.0,2.0,0.0
2026-07-08T16:53:14.086200,6.1,6.0,1.0,0.0
2026-07-08T16:53:15.086708,5.9,5.9,1.0,0.0
2026-07-08T16:53:16.087214,5.1,5.1,2.0,0.0
2026-07-08T16:53:17.087704,6.0,5.1,1.0,0.0
2026-07-08T16:53:18.088176,2.0,5.9,6.0,0.0
2026-07-08T16:53:19.088772,1.0,5.1,5.0,1.0
2026-07-08T16:53:20.089368,1.0,20.2,1.0,20.2
2026-07-08T16:53:21.089768,2.0,17.8,1.0,16.2
2026-07-08T16:53:22.090163,1.0,5.0,4.0,0.0
2026-07-08T16:53:23.090558,0.0,4.0,5.0,0.0
2026-07-08T16:53:24.090954,0.0,4.0,5.9,0.0
2026-07-08T16:53:25.091443,0.0,5.0,4.0,0.0
2026-07-08T16:53:26.091931,1.0,23.0,7.0,16.0
2026-07-08T16:53:27.092339,2.0,44.4,5.0,38.0
2026-07-08T16:53:28.092732,0.0,5.0,5.0,0.0
2026-07-08T16:53:29.093125,0.0,4.0,5.0,0.0
2026-07-08T16:53:30.093541,1.0,5.0,4.0,0.0
2026-07-08T16:53:31.094023,0.0,4.0,5.0,0.0
2026-07-08T16:53:32.094576,0.0,6.9,7.0,0.0
2026-07-08T16:53:33.095122,1.0,5.1,7.0,0.0
2026-07-08T16:53:34.095673,1.0,6.9,6.0,0.0
2026-07-08T16:53:35.096226,0.0,6.0,6.1,0.0
2026-07-08T16:53:36.096786,0.0,6.0,6.9,0.0
2026-07-08T16:53:37.097264,2.0,35.0,6.1,26.5
2026-07-08T16:53:38.097670,1.0,18.0,5.0,14.7
2026-07-08T16:53:39.098073,1.0,4.0,4.0,0.0
2026-07-08T16:53:40.098472,0.0,4.0,5.9,0.0
2026-07-08T16:53:41.098866,0.0,4.0,4.0,0.0
2026-07-08T16:53:42.099346,1.0,5.0,6.0,0.0
2026-07-08T16:53:43.099888,0.0,5.1,6.0,1.0
2026-07-08T16:53:44.100351,1.0,20.2,5.1,15.8
2026-07-08T16:53:45.100747,0.0,4.0,5.9,0.0
2026-07-08T16:53:46.101139,1.0,5.0,4.0,0.0
2026-07-08T16:53:47.101544,1.0,4.0,5.0,0.0
2026-07-08T16:53:48.101941,1.0,18.8,5.0,13.0
2026-07-08T16:53:49.102430,0.0,5.1,6.0,0.0
2026-07-08T16:53:50.102985,0.0,6.0,7.0,0.0
2026-07-08T16:53:51.103538,1.0,5.9,6.9,1.0
2026-07-08T16:53:52.104086,0.0,6.9,6.1,0.0
2026-07-08T16:53:53.104632,1.0,6.0,6.1,1.0
2026-07-08T16:53:54.105192,0.0,6.0,7.8,0.0
2026-07-08T16:53:55.105750,2.0,4.0,6.1,0.0
2026-07-08T16:53:56.106218,3.0,34.3,6.0,27.3
2026-07-08T16:53:57.106620,2.0,45.0,5.0,37.4
2026-07-08T16:53:58.107016,2.0,18.0,5.0,13.0
2026-07-08T16:53:59.107408,0.0,5.0,5.0,0.0
2026-07-08T16:54:00.107804,1.0,4.0,4.0,0.0
2026-07-08T16:54:01.108292,0.0,4.0,5.0,0.0
2026-07-08T16:54:02.108845,1.0,6.0,7.0,0.0
2026-07-08T16:54:03.109406,0.0,5.9,7.9,1.0
2026-07-08T16:54:04.109874,3.0,34.7,5.1,26.5
2026-07-08T16:54:05.110266,1.0,18.0,5.0,12.1
2026-07-08T16:54:06.110666,2.0,31.0,5.0,26.0
2026-07-08T16:54:07.111069,2.0,45.5,4.0,39.0
2026-07-08T16:54:08.111468,1.0,17.8,5.0,12.0
2026-07-08T16:54:09.111954,0.0,4.0,5.0,0.0
2026-07-08T16:54:10.112503,0.0,5.0,7.0,3.0
2026-07-08T16:54:11.112968,2.0,22.0,6.0,15.0
2026-07-08T16:54:12.113384,1.0,4.0,4.0,0.0
2026-07-08T16:54:13.113784,0.0,4.0,5.0,0.0
2026-07-08T16:54:14.114254,0.0,4.0,4.0,0.0
2026-07-08T16:54:15.114656,1.0,5.0,5.0,0.0
2026-07-08T16:54:16.115156,0.0,5.0,6.0,0.0
2026-07-08T16:54:17.115639,2.0,49.0,5.0,40.4
2026-07-08T16:54:18.116034,0.0,17.8,5.0,12.1
2026-07-08T16:54:19.116434,2.0,46.0,5.0,38.0
2026-07-08T16:54:20.116830,2.0,45.0,5.9,37.4
2026-07-08T16:54:21.117230,2.0,45.0,5.0,38.0
2026-07-08T16:54:22.117662,4.9,48.0,5.1,40.4
2026-07-08T16:54:23.118069,2.0,45.0,5.9,38.0
2026-07-08T16:54:24.118474,2.0,45.0,4.0,38.6
2026-07-08T16:54:25.118875,2.0,46.0,5.0,38.0
2026-07-08T16:54:26.119265,0.0,4.0,5.0,0.0
2026-07-08T16:54:27.119744,1.0,5.0,5.1,0.0
2026-07-08T16:54:28.120270,1.0,6.0,7.0,0.0
2026-07-08T16:54:29.120796,0.0,5.9,6.9,0.0
2026-07-08T16:54:30.121275,1.0,35.0,6.9,27.0
2026-07-08T16:54:31.121670,2.0,31.3,5.0,25.3
2026-07-08T16:54:32.122067,1.0,4.0,4.0,0.0
2026-07-08T16:54:33.122460,1.0,4.0,5.0,0.0
2026-07-08T16:54:34.122851,1.0,4.0,4.0,1.0
2026-07-08T16:54:35.123313,0.0,5.9,5.0,0.0
2026-07-08T16:54:36.123763,2.0,35.4,6.0,28.0
2026-07-08T16:54:37.124158,2.0,45.0,5.0,38.0
2026-07-08T16:54:38.124552,2.0,45.0,5.0,38.0
2026-07-08T16:54:39.124958,2.0,45.0,4.0,38.0
2026-07-08T16:54:40.125369,1.0,4.0,5.0,1.0
2026-07-08T16:54:41.125863,0.0,5.9,5.1,0.0
2026-07-08T16:54:42.126381,1.0,6.0,6.9,0.0
2026-07-08T16:54:43.126911,0.0,5.1,6.1,0.0
2026-07-08T16:54:44.127471,1.0,6.0,7.0,0.0
2026-07-08T16:54:45.128011,1.0,5.1,6.1,1.0
2026-07-08T16:54:46.128555,0.0,6.0,7.0,0.0
2026-07-08T16:54:47.129111,0.0,6.1,7.0,1.0
2026-07-08T16:54:48.129683,0.0,5.9,4.0,4.0
2026-07-08T16:54:49.130154,7.0,34.0,1.0,28.3
2026-07-08T16:54:50.130531,5.0,17.0,0.0,14.9
2026-07-08T16:54:51.130900,4.0,1.0,2.0,3.0
2026-07-08T16:54:52.131268,3.0,4.0,1.0,1.0
2026-07-08T16:54:53.131640,4.0,5.0,0.0,1.0
2026-07-08T16:54:54.132079,5.0,5.0,0.0,0.0
2026-07-08T16:54:55.132499,4.0,33.0,2.0,29.0
2026-07-08T16:54:56.132866,2.0,0.0,4.0,3.0
2026-07-08T16:54:57.133317,4.0,0.0,3.0,2.0
2026-07-08T16:54:58.133756,5.0,1.0,4.0,1.0
2026-07-08T16:54:59.134118,4.0,0.0,3.0,1.0
2026-07-08T16:55:00.134499,4.1,16.8,6.9,15.3
2026-07-08T16:55:01.134874,5.0,41.4,5.1,38.4
2026-07-08T16:55:02.135251,4.0,41.6,5.9,38.4
2026-07-08T16:55:03.135627,4.0,41.6,5.1,37.8
2026-07-08T16:55:04.136003,3.0,41.4,6.0,40.6
2026-07-08T16:55:05.136426,0.0,45.5,6.0,39.4
2026-07-08T16:55:06.136919,3.0,3.0,6.9,1.0
2026-07-08T16:55:07.137430,5.9,0.0,0.0,7.0
2026-07-08T16:55:08.137939,6.0,1.0,2.0,5.0
2026-07-08T16:55:09.138387,5.0,17.2,1.0,21.0
2026-07-08T16:55:10.138766,4.0,28.0,2.0,29.3
2026-07-08T16:55:11.139138,3.1,2.0,0.0,3.0
2026-07-08T16:55:12.139515,5.0,0.0,0.0,5.0
2026-07-08T16:55:13.139891,4.0,1.0,0.0,4.0
2026-07-08T16:55:14.140338,5.0,1.0,0.0,4.0
2026-07-08T16:55:15.140857,5.1,1.0,0.0,6.0
2026-07-08T16:55:16.141317,4.0,1.0,45.0,45.5
2026-07-08T16:55:17.141694,5.0,6.0,14.0,14.0
2026-07-08T16:55:18.142070,4.0,3.0,0.0,2.0
2026-07-08T16:55:19.142525,5.0,1.0,2.0,2.0
2026-07-08T16:55:20.142899,4.0,1.0,4.0,0.0
2026-07-08T16:55:21.143368,5.9,5.0,2.0,0.0
2026-07-08T16:55:22.143889,4.0,6.0,1.0,2.0
2026-07-08T16:55:23.144425,6.0,5.0,0.0,0.0
2026-07-08T16:55:24.144866,5.0,5.0,17.2,17.0
2026-07-08T16:55:25.145246,4.0,4.0,1.0,0.0
2026-07-08T16:55:26.145622,5.0,4.0,1.0,0.0
2026-07-08T16:55:27.146061,3.0,4.0,3.0,0.0
2026-07-08T16:55:28.146502,2.0,4.0,3.0,0.0
2026-07-08T16:55:29.146955,1.0,4.0,5.1,0.0
2026-07-08T16:55:30.147480,0.0,6.0,6.9,1.0
2026-07-08T16:55:31.147973,1.0,5.1,7.9,0.0
2026-07-08T16:55:32.148476,4.0,2.0,7.0,0.0
2026-07-08T16:55:33.149005,1.0,5.1,7.0,0.0
2026-07-08T16:55:34.149522,1.0,6.9,8.8,0.0
2026-07-08T16:55:35.150046,0.0,6.9,6.0,0.0
2026-07-08T16:55:36.150586,1.0,6.0,7.9,1.0
2026-07-08T16:55:37.151147,0.0,6.0,7.0,0.0
2026-07-08T16:55:38.151676,1.0,6.0,6.9,0.0
2026-07-08T16:55:39.152224,1.0,6.0,7.0,0.0
2026-07-08T16:55:40.152784,0.0,6.9,7.0,0.0
2026-07-08T16:55:41.153357,2.0,6.9,6.0,0.0
2026-07-08T16:55:42.153884,0.0,6.0,7.0,0.0
2026-07-08T16:55:43.154391,0.0,6.9,6.1,0.0
2026-07-08T16:55:44.154834,1.0,35.0,6.9,29.3
2026-07-08T16:55:45.155208,1.0,4.0,4.0,0.0
2026-07-08T16:55:46.155573,0.0,4.0,5.0,0.0
2026-07-08T16:55:47.155940,0.0,4.0,5.0,1.0
2026-07-08T16:55:48.156306,1.0,4.0,4.0,0.0
2026-07-08T16:55:49.156763,0.0,5.9,5.0,0.0
2026-07-08T16:55:50.157325,0.0,6.0,7.0,1.0
2026-07-08T16:55:51.157759,0.0,33.3,6.1,28.0
2026-07-08T16:55:52.158127,0.0,18.0,5.0,14.0
2026-07-08T16:55:53.158496,1.0,4.0,5.0,0.0
2026-07-08T16:55:54.158862,1.0,4.0,4.0,1.0
2026-07-08T16:55:55.159231,0.0,5.0,4.0,0.0
2026-07-08T16:55:56.159696,2.9,5.0,4.0,0.0
2026-07-08T16:55:57.160217,2.0,6.0,5.9,0.0
2026-07-08T16:55:58.160651,2.0,21.2,5.0,16.2
2026-07-08T16:55:59.161021,1.0,5.0,3.0,0.0
2026-07-08T16:56:00.161397,1.0,4.0,4.0,0.0
2026-07-08T16:56:01.161764,1.0,4.0,4.0,0.0
2026-07-08T16:56:02.162142,1.0,17.2,4.0,14.0
2026-07-08T16:56:03.162613,1.0,5.0,5.0,0.0
2026-07-08T16:56:04.163131,2.0,5.1,5.1,0.0
2026-07-08T16:56:05.163760,2.0,6.0,6.0,1.0
2026-07-08T16:56:06.164285,1.0,4.1,6.0,1.0
2026-07-08T16:56:07.164801,1.0,6.9,5.9,0.0
2026-07-08T16:56:08.165316,2.0,5.9,6.0,0.0
2026-07-08T16:56:09.165836,1.0,6.0,5.1,0.0
2026-07-08T16:56:10.166354,2.0,5.1,5.0,1.0
2026-07-08T16:56:11.166816,2.0,20.0,5.0,15.0
2026-07-08T16:56:12.167198,1.0,4.0,4.0,1.0
2026-07-08T16:56:13.167572,1.0,5.0,4.0,0.0
2026-07-08T16:56:14.167942,1.0,4.0,4.0,0.0
2026-07-08T16:56:15.168320,1.0,32.0,3.0,26.3
2026-07-08T16:56:16.168701,2.0,48.0,4.0,42.0
2026-07-08T16:56:17.169077,3.0,41.6,4.0,41.6
2026-07-08T16:56:18.169459,2.0,44.6,3.0,39.8
2026-07-08T16:56:19.169843,2.0,44.4,5.0,41.2
2026-07-08T16:56:20.170220,1.0,45.0,5.0,39.4
2026-07-08T16:56:21.170685,2.0,19.8,3.0,15.0
2026-07-08T16:56:22.171224,4.0,6.0,3.0,0.0
2026-07-08T16:56:23.171861,4.0,4.0,2.0,1.0
2026-07-08T16:56:24.172382,7.9,4.0,0.0,2.0
2026-07-08T16:56:25.172918,7.0,6.0,0.0,0.0
2026-07-08T16:56:26.173461,7.0,6.0,0.0,1.0
2026-07-08T16:56:27.173909,7.0,22.0,0.0,15.2
2026-07-08T16:56:28.174288,4.0,13.1,2.0,16.8
2026-07-08T16:56:29.174670,5.0,0.0,5.0,1.0
2026-07-08T16:56:30.175038,5.0,3.0,0.0,1.0
2026-07-08T16:56:31.175407,5.9,0.0,0.0,4.0
2026-07-08T16:56:32.175870,4.0,0.0,2.0,2.0
2026-07-08T16:56:33.176395,7.0,1.0,6.9,0.0
2026-07-08T16:56:34.176916,7.0,1.0,6.0,0.0
2026-07-08T16:56:35.177360,5.1,15.3,4.0,14.3
2026-07-08T16:56:36.177728,5.0,2.0,0.0,3.0
2026-07-08T16:56:37.178095,4.0,1.0,0.0,3.0
2026-07-08T16:56:38.178460,5.0,3.0,2.0,0.0
2026-07-08T16:56:39.178829,4.0,2.0,0.0,2.0
2026-07-08T16:56:40.179292,6.0,5.9,0.0,0.0
2026-07-08T16:56:41.179818,6.1,6.0,1.0,0.0
2026-07-08T16:56:42.180338,6.1,5.1,0.0,1.0
2026-07-08T16:56:43.180876,7.0,6.9,1.0,0.0
2026-07-08T16:56:44.181423,7.0,6.0,0.0,0.0
2026-07-08T16:56:45.181858,5.0,20.8,0.0,15.8
2026-07-08T16:56:46.182225,5.0,4.0,0.0,1.0
2026-07-08T16:56:47.182591,5.0,5.0,0.0,0.0
2026-07-08T16:56:48.182956,5.0,4.0,0.0,0.0
2026-07-08T16:56:49.183328,4.0,4.0,0.0,0.0
2026-07-08T16:56:50.183787,6.9,6.0,0.0,0.0
2026-07-08T16:56:51.184308,6.1,6.0,0.0,0.0
2026-07-08T16:56:52.184832,6.1,6.0,1.0,0.0
2026-07-08T16:56:53.185366,8.0,6.0,0.0,0.0
2026-07-08T16:56:54.185810,6.9,20.2,0.0,15.8
2026-07-08T16:56:55.186188,4.0,5.0,0.0,0.0
2026-07-08T16:56:56.186570,4.0,1.0,4.0,2.0
2026-07-08T16:56:57.186939,4.0,2.0,3.0,0.0
2026-07-08T16:56:58.187306,4.9,1.0,5.0,1.0
2026-07-08T16:56:59.187762,3.1,13.1,4.0,14.0
2026-07-08T16:57:00.188272,6.0,0.0,6.0,1.0
2026-07-08T16:57:01.188801,6.0,1.0,6.0,2.0
2026-07-08T16:57:02.189333,4.0,1.0,6.1,1.0
2026-07-08T16:57:03.189857,4.0,5.0,2.0,3.0
2026-07-08T16:57:04.190390,1.0,6.0,0.0,6.9
2026-07-08T16:57:05.190919,0.0,5.1,1.0,6.1
2026-07-08T16:57:06.191444,0.0,6.0,0.0,6.1
2026-07-08T16:57:07.191968,1.0,5.1,0.0,6.0
2026-07-08T16:57:08.192412,0.0,34.3,0.0,35.0
2026-07-08T16:57:09.192796,1.0,45.5,1.0,45.0
2026-07-08T16:57:10.193168,0.0,31.0,0.0,31.7
2026-07-08T16:57:11.193545,1.0,4.0,0.0,5.0
2026-07-08T16:57:12.193912,0.0,4.0,0.0,4.0
2026-07-08T16:57:13.194377,1.0,5.0,0.0,5.1
2026-07-08T16:57:14.194895,0.0,6.0,1.0,6.0
2026-07-08T16:57:15.195429,0.0,5.0,0.0,6.1
2026-07-08T16:57:16.196002,1.0,5.1,0.0,7.0
2026-07-08T16:57:17.196458,0.0,23.0,0.0,21.2
2026-07-08T16:57:18.196825,1.0,0.0,5.0,4.0
2026-07-08T16:57:19.197814,0.0,0.0,5.0,4.0
2026-07-08T16:57:20.198505,1.0,0.0,4.0,5.0
2026-07-08T16:57:21.199330,1.0,1.0,2.0,5.9
2026-07-08T16:57:22.199816,0.0,5.0,0.0,5.0
2026-07-08T16:57:23.200476,0.0,7.0,0.0,6.0
2026-07-08T16:57:24.201162,1.0,6.0,0.0,6.1
2026-07-08T16:57:25.202040,0.0,6.0,0.0,6.1
2026-07-08T16:57:26.202921,0.0,6.0,0.0,6.1
2026-07-08T16:57:27.203509,0.0,6.9,0.0,6.9
2026-07-08T16:57:28.204365,0.0,5.9,1.0,6.1
2026-07-08T16:57:29.205549,0.0,6.9,0.0,6.1
2026-07-08T16:57:30.206783,1.0,6.0,0.0,6.1
2026-07-08T16:57:31.208280,0.0,6.0,1.0,6.0
2026-07-08T16:57:32.209140,0.0,5.1,0.0,7.0
2026-07-08T16:57:33.210112,0.0,23.0,0.0,21.0
2026-07-08T16:57:34.210673,2.0,45.0,0.0,42.4
2026-07-08T16:57:35.211240,3.0,18.0,3.0,13.9
2026-07-08T16:57:36.211803,4.0,5.0,0.0,0.0
2026-07-08T16:57:37.212372,4.0,5.0,0.0,0.0
2026-07-08T16:57:38.213064,4.0,5.0,0.0,1.0
2026-07-08T16:57:39.213892,6.0,7.0,1.0,0.0
2026-07-08T16:57:40.214622,3.0,7.0,0.0,4.0
2026-07-08T16:57:41.215332,0.0,6.9,5.0,2.0
2026-07-08T16:57:42.217663,2.0,6.1,3.0,2.0
2026-07-08T16:57:43.218399,0.0,6.0,3.0,4.0
2026-07-08T16:57:44.219369,1.0,7.0,4.0,2.0
2026-07-08T16:57:45.220106,1.0,7.0,0.0,6.0
2026-07-08T16:57:46.220850,0.0,6.9,0.0,6.0
2026-07-08T16:57:47.221633,1.0,7.0,1.0,6.0
2026-07-08T16:57:48.223061,5.0,6.1,0.0,3.0
2026-07-08T16:57:49.223584,2.0,5.0,19.8,15.0
2026-07-08T16:57:50.224014,0.0,4.0,3.0,2.0
2026-07-08T16:57:51.224439,0.0,4.0,4.0,0.0
2026-07-08T16:57:52.224866,0.0,5.9,5.0,0.0
2026-07-08T16:57:53.225297,1.0,5.0,4.0,0.0
2026-07-08T16:57:54.225825,0.0,6.0,6.0,1.0
2026-07-08T16:57:55.226393,0.0,7.9,6.0,0.0
2026-07-08T16:57:56.227289,1.0,6.0,35.6,28.7
2026-07-08T16:57:57.227928,1.0,5.9,32.0,24.2
2026-07-08T16:57:58.228372,0.0,4.0,3.0,1.0
2026-07-08T16:57:59.228812,1.0,4.0,4.0,0.0
2026-07-08T16:58:00.229263,0.0,5.0,4.0,1.0
2026-07-08T16:58:01.230321,1.0,5.1,21.4,14.3
2026-07-08T16:58:02.231518,0.0,5.0,42.0,40.4
2026-07-08T16:58:03.232036,2.0,5.0,13.0,15.2
2026-07-08T16:58:04.232476,0.0,4.0,0.0,4.0
2026-07-08T16:58:05.232921,0.0,5.9,0.0,4.0
2026-07-08T16:58:06.233477,0.0,6.0,2.0,5.9
2026-07-08T16:58:07.234045,1.0,6.0,0.0,6.0
2026-07-08T16:58:08.234981,0.0,6.0,19.0,21.0
2026-07-08T16:58:09.235510,0.0,4.0,41.0,41.4
2026-07-08T16:58:10.235955,2.0,5.9,0.0,5.0
2026-07-08T16:58:11.236488,0.0,4.0,1.0,4.0
2026-07-08T16:58:12.236928,0.0,5.0,0.0,4.0
2026-07-08T16:58:13.237469,0.0,5.0,0.0,5.0
2026-07-08T16:58:14.238068,1.0,7.0,0.0,5.1
2026-07-08T16:58:15.238577,0.0,6.1,30.7,32.0
2026-07-08T16:58:16.239020,1.0,5.0,0.0,4.0
2026-07-08T16:58:17.239460,0.0,5.0,0.0,5.0
2026-07-08T16:58:18.239900,0.0,4.0,0.0,4.0
2026-07-08T16:58:19.240337,0.0,5.0,0.0,5.0
2026-07-08T16:58:20.240868,0.0,6.0,1.0,5.0
2026-07-08T16:58:21.241474,0.0,6.1,0.0,6.0
2026-07-08T16:58:22.241983,1.0,6.0,17.0,21.8
2026-07-08T16:58:23.242426,1.0,5.9,0.0,3.0
2026-07-08T16:58:24.242864,0.0,5.0,0.0,5.0
2026-07-08T16:58:25.243306,0.0,4.0,0.0,3.0
2026-07-08T16:58:26.243747,0.0,5.0,1.0,4.0
2026-07-08T16:58:27.244273,1.0,4.0,0.0,4.0
2026-07-08T16:58:28.244835,0.0,6.9,0.0,6.9
2026-07-08T16:58:29.245387,0.0,7.0,0.0,5.1
2026-07-08T16:58:30.246130,2.0,6.1,1.0,7.9
2026-07-08T16:58:31.246710,0.0,4.0,15.0,18.8
2026-07-08T16:58:32.247148,0.0,5.0,1.0,4.0
2026-07-08T16:58:33.247589,1.0,5.0,0.0,4.0
2026-07-08T16:58:34.248032,1.0,4.0,0.0,4.0
2026-07-08T16:58:35.248473,0.0,5.0,1.0,4.0
2026-07-08T16:58:36.249008,1.0,7.0,0.0,6.0
2026-07-08T16:58:37.249525,2.0,6.0,16.8,19.2
2026-07-08T16:58:38.249977,0.0,4.0,0.0,4.0
2026-07-08T16:58:39.250424,3.0,5.0,1.0,1.0
2026-07-08T16:58:40.250968,1.0,5.0,0.0,4.0
2026-07-08T16:58:41.251394,0.0,5.0,0.0,4.0
2026-07-08T16:58:42.251916,0.0,5.9,1.0,5.0
2026-07-08T16:58:43.252509,1.0,6.1,0.0,6.0
2026-07-08T16:58:44.253090,0.0,7.9,0.0,6.0
2026-07-08T16:58:45.253720,1.0,6.0,0.0,5.9
2026-07-08T16:58:46.254274,1.0,7.0,1.0,6.0
2026-07-08T16:58:47.254836,0.0,6.0,0.0,6.0
2026-07-08T16:58:48.255506,1.0,7.0,0.0,5.1
2026-07-08T16:58:49.256088,0.0,6.0,1.0,5.9
2026-07-08T16:58:50.257305,1.0,6.1,3.0,8.0
2026-07-08T16:58:51.258045,0.0,5.0,14.0,17.2
2026-07-08T16:58:52.258486,0.0,5.0,1.0,4.0
2026-07-08T16:58:53.258926,1.0,5.0,0.0,4.0
2026-07-08T16:58:54.259372,0.0,5.0,0.0,4.0
2026-07-08T16:58:55.259816,0.0,4.0,0.0,5.0
2026-07-08T16:58:56.260257,2.0,6.0,30.0,32.7
2026-07-08T16:58:57.260710,1.0,4.0,0.0,4.0
2026-07-08T16:58:58.261156,1.0,4.0,3.0,1.0
2026-07-08T16:58:59.261661,1.0,4.0,0.0,5.0
2026-07-08T16:59:00.262107,1.0,4.0,0.0,5.0
2026-07-08T16:59:01.262634,2.0,5.0,1.0,4.0
2026-07-08T16:59:02.263208,1.0,5.9,0.0,6.0
2026-07-08T16:59:03.263787,1.0,6.0,1.0,5.1
2026-07-08T16:59:04.264388,2.0,6.0,0.0,5.9
2026-07-08T16:59:05.264971,1.0,5.1,1.0,5.1
2026-07-08T16:59:06.265569,2.0,5.0,0.0,6.0
2026-07-08T16:59:07.266151,2.0,6.0,4.0,2.0
2026-07-08T16:59:08.266739,2.0,5.0,5.1,0.0
2026-07-08T16:59:09.267356,4.0,5.1,0.0,4.0
2026-07-08T16:59:10.268135,1.0,6.9,0.0,6.0
2026-07-08T16:59:11.268711,3.0,6.0,0.0,4.0
2026-07-08T16:59:12.269306,1.0,5.1,6.0,0.0
2026-07-08T16:59:13.269842,2.0,4.0,5.0,2.0
2026-07-08T16:59:14.270419,2.0,6.0,5.1,1.0
2026-07-08T16:59:15.271015,0.0,6.0,5.9,0.0
2026-07-08T16:59:16.271618,2.0,5.9,5.0,1.0
2026-07-08T16:59:17.272229,2.0,4.0,6.0,3.0
2026-07-08T16:59:18.272828,1.0,5.9,5.0,0.0
2026-07-08T16:59:19.273656,2.0,4.1,24.2,20.8
2026-07-08T16:59:20.274229,0.0,5.0,13.0,9.0
2026-07-08T16:59:21.274660,1.0,3.0,3.0,0.0
2026-07-08T16:59:22.275093,1.0,0.0,4.0,4.0
2026-07-08T16:59:23.275520,1.0,0.0,4.0,5.0
2026-07-08T16:59:24.276017,1.0,0.0,5.0,5.0
2026-07-08T16:59:25.276611,2.0,1.0,5.1,6.1
2026-07-08T16:59:26.277130,2.0,2.0,33.3,32.7
2026-07-08T16:59:27.277617,4.0,1.0,5.0,0.0
2026-07-08T16:59:28.278111,5.0,1.0,4.0,0.0
2026-07-08T16:59:29.278543,4.0,0.0,5.9,0.0
2026-07-08T16:59:30.278970,4.0,1.0,4.0,0.0
2026-07-08T16:59:31.279519,1.0,2.0,6.9,4.0
2026-07-08T16:59:32.280009,1.0,32.0,5.0,33.0
2026-07-08T16:59:33.280493,0.0,6.0,4.0,7.1
2026-07-08T16:59:34.280966,1.0,9.0,5.0,12.0
2026-07-08T16:59:35.281402,0.0,0.0,5.0,5.0
2026-07-08T16:59:36.281828,0.0,0.0,4.0,4.0
2026-07-08T16:59:37.282356,0.0,1.0,6.0,5.9
2026-07-08T16:59:38.282915,1.0,0.0,6.0,6.0
2026-07-08T16:59:39.283459,0.0,0.0,7.0,6.0
2026-07-08T16:59:40.284038,1.0,0.0,7.0,6.0
2026-07-08T16:59:41.284604,0.0,1.0,6.1,6.0
2026-07-08T16:59:42.285486,2.9,21.0,6.9,24.2
2026-07-08T16:59:43.286055,5.0,9.0,5.9,7.9
2026-07-08T16:59:44.286482,4.0,0.0,4.0,1.0
2026-07-08T16:59:45.286922,4.0,0.0,4.0,0.0
2026-07-08T16:59:46.287347,4.0,0.0,5.0,0.0
2026-07-08T16:59:47.287902,5.0,4.0,9.0,3.0
2026-07-08T16:59:48.288571,4.0,12.9,15.8,0.0
2026-07-08T16:59:49.289001,4.0,0.0,4.0,0.0
2026-07-08T16:59:50.289435,5.0,0.0,5.0,0.0
2026-07-08T16:59:51.289856,4.0,0.0,4.0,1.0
2026-07-08T16:59:52.290278,5.0,0.0,4.0,0.0
2026-07-08T16:59:53.290706,6.9,16.8,20.2,0.0
2026-07-08T16:59:54.291136,4.0,0.0,5.0,1.0
2026-07-08T16:59:55.291565,5.0,0.0,5.0,0.0
2026-07-08T16:59:56.291988,4.0,0.0,4.0,0.0
2026-07-08T16:59:57.292413,4.0,1.0,5.0,0.0
2026-07-08T16:59:58.292840,4.0,16.2,20.0,1.0
2026-07-08T16:59:59.293282,4.0,0.0,5.0,0.0
2026-07-08T17:00:00.293705,5.0,0.0,5.0,0.0
2026-07-08T17:00:01.294132,4.0,1.0,4.0,1.0
2026-07-08T17:00:02.294561,4.0,0.0,4.0,0.0
2026-07-08T17:00:03.295085,4.0,0.0,6.0,1.0
2026-07-08T17:00:04.295666,6.0,1.0,6.9,0.0
2026-07-08T17:00:05.296158,6.0,16.2,20.2,1.0
2026-07-08T17:00:06.296582,5.0,0.0,4.0,0.0
2026-07-08T17:00:07.297008,4.0,0.0,5.0,1.0
2026-07-08T17:00:08.297455,5.0,0.0,4.0,0.0
2026-07-08T17:00:09.297879,5.0,0.0,5.0,0.0
2026-07-08T17:00:10.298399,5.9,0.0,5.0,1.0
2026-07-08T17:00:11.298985,6.0,1.0,7.0,1.0
2026-07-08T17:00:12.299643,5.0,22.8,26.3,2.0
2026-07-08T17:00:13.300359,4.0,21.2,25.0,1.0
2026-07-08T17:00:14.300791,5.0,0.0,5.0,0.0
2026-07-08T17:00:15.301220,3.1,0.0,4.0,0.0
2026-07-08T17:00:16.301662,4.0,0.0,5.9,0.0
2026-07-08T17:00:17.302165,5.0,22.8,25.0,2.0
2026-07-08T17:00:18.302768,4.0,8.0,12.7,0.0
2026-07-08T17:00:19.303197,4.0,0.0,5.0,0.0
2026-07-08T17:00:20.303620,5.0,0.0,4.0,0.0
2026-07-08T17:00:21.304048,5.0,0.0,4.0,0.0
2026-07-08T17:00:22.304564,4.0,0.0,5.9,0.0
2026-07-08T17:00:23.305172,6.0,0.0,7.0,1.0
2026-07-08T17:00:24.305801,6.0,0.0,7.0,0.0
2026-07-08T17:00:25.306379,5.1,2.0,6.1,0.0
2026-07-08T17:00:26.307058,6.0,5.1,12.9,2.0
2026-07-08T17:00:27.307944,4.0,24.0,27.7,1.0
2026-07-08T17:00:28.308374,4.0,1.0,4.0,0.0
2026-07-08T17:00:29.308804,5.0,0.0,4.0,1.0
2026-07-08T17:00:30.309248,5.0,0.0,4.0,0.0
2026-07-08T17:00:31.309682,4.0,0.0,5.0,0.0
2026-07-08T17:00:32.310223,6.0,0.0,6.9,0.0
2026-07-08T17:00:33.310808,6.9,0.0,7.0,0.0
2026-07-08T17:00:34.311431,5.1,23.2,27.3,2.0
2026-07-08T17:00:35.312097,4.0,35.6,37.6,0.0
2026-07-08T17:00:36.312528,0.0,3.0,5.9,0.0
2026-07-08T17:00:37.312952,0.0,4.0,2.0,3.0
2026-07-08T17:00:38.313467,1.0,4.0,1.0,4.0
2026-07-08T17:00:39.314007,1.0,4.0,2.0,4.0
2026-07-08T17:00:40.314586,0.0,6.0,2.0,5.1
2026-07-08T17:00:41.315137,0.0,6.0,0.0,5.9
2026-07-08T17:00:42.315679,0.0,6.0,2.0,5.1
2026-07-08T17:00:43.316265,1.0,12.0,7.0,6.0
2026-07-08T17:00:44.316826,0.0,14.0,10.0,5.0
2026-07-08T17:00:45.317267,1.0,3.0,1.0,4.0
2026-07-08T17:00:46.317720,0.0,5.0,1.0,4.0
2026-07-08T17:00:47.318213,2.0,2.0,1.0,2.0
2026-07-08T17:00:48.318639,5.0,0.0,1.0,4.0
2026-07-08T17:00:49.319131,6.1,0.0,2.0,6.0
2026-07-08T17:00:50.319660,2.0,2.0,5.0,5.0
2026-07-08T17:00:51.320249,5.1,1.0,1.0,5.1
2026-07-08T17:00:52.320801,5.0,2.0,2.0,5.9
2026-07-08T17:00:53.321357,6.0,1.0,0.0,5.1
2026-07-08T17:00:54.321902,6.0,1.0,0.0,5.9
2026-07-08T17:00:55.322435,6.0,2.0,0.0,6.0
2026-07-08T17:00:56.322981,6.0,1.0,1.0,5.0
2026-07-08T17:00:57.323527,6.0,1.0,0.0,6.0
2026-07-08T17:00:58.324087,6.0,1.0,1.0,5.9
2026-07-08T17:00:59.324644,6.1,1.0,1.0,5.1
2026-07-08T17:01:00.325271,6.0,8.1,7.0,6.9
2026-07-08T17:01:01.325794,4.0,10.0,8.0,4.0
2026-07-08T17:01:02.326220,4.0,1.0,0.0,4.0
2026-07-08T17:01:03.326646,4.0,1.0,0.0,4.0
2026-07-08T17:01:04.327074,4.0,1.0,0.0,4.0
2026-07-08T17:01:05.327493,4.0,2.0,0.0,3.0
2026-07-08T17:01:06.327973,6.0,7.1,8.0,5.1
2026-07-08T17:01:07.328604,4.0,10.0,8.0,4.0
2026-07-08T17:01:08.329030,4.0,1.0,0.0,4.0
2026-07-08T17:01:09.329540,4.9,5.0,0.0,2.0
2026-07-08T17:01:10.330043,4.0,4.0,1.0,0.0
2026-07-08T17:01:11.330645,4.0,5.0,0.0,0.0
2026-07-08T17:01:12.331323,7.0,6.1,0.0,1.0
2026-07-08T17:01:13.331947,6.0,6.9,0.0,1.0
2026-07-08T17:01:14.332483,6.9,6.1,0.0,0.0
2026-07-08T17:01:15.332953,21.0,4.0,14.1,2.0
2026-07-08T17:01:16.333392,3.0,5.9,1.0,1.0
2026-07-08T17:01:17.333846,0.0,4.0,2.0,2.0
2026-07-08T17:01:18.334273,0.0,4.0,0.0,4.0
2026-07-08T17:01:19.334697,0.0,4.0,0.0,5.0
2026-07-08T17:01:20.335213,1.0,6.9,1.0,5.0
2026-07-08T17:01:21.335769,1.0,7.0,0.0,6.0
2026-07-08T17:01:22.336324,0.0,6.9,2.0,4.0
2026-07-08T17:01:23.336898,1.0,6.1,5.1,0.0
2026-07-08T17:01:24.337474,2.0,6.9,6.9,0.0
2026-07-08T17:01:25.339936,25.3,6.9,29.7,2.0
2026-07-08T17:01:26.340405,17.3,4.0,21.0,0.0
2026-07-08T17:01:27.340840,0.0,5.0,4.0,0.0
2026-07-08T17:01:28.341284,0.0,5.0,5.0,0.0
2026-07-08T17:01:29.345548,10.0,4.0,13.9,1.0
2026-07-08T17:01:30.346033,1.0,5.0,35.6,34.0
2026-07-08T17:01:31.346549,1.0,5.0,3.0,0.0
2026-07-08T17:01:32.346975,0.0,4.0,4.0,0.0
2026-07-08T17:01:33.347399,0.0,5.0,4.0,0.0
2026-07-08T17:01:34.347826,1.0,5.0,4.0,0.0
2026-07-08T17:01:35.348399,0.0,5.0,4.0,0.0
2026-07-08T17:01:36.348965,1.0,7.0,6.0,0.0
2026-07-08T17:01:37.349463,0.0,6.9,20.0,16.2
2026-07-08T17:01:38.349908,1.0,5.0,4.0,0.0
2026-07-08T17:01:39.350428,0.0,4.0,5.0,0.0
2026-07-08T17:01:40.350870,1.0,4.0,4.0,0.0
2026-07-08T17:01:41.351313,0.0,4.0,5.0,0.0
2026-07-08T17:01:42.351813,1.0,6.0,6.0,1.0
2026-07-08T17:01:43.352303,1.0,5.0,32.0,29.3
2026-07-08T17:01:44.352749,0.0,4.0,3.1,1.0
2026-07-08T17:01:45.353197,0.0,5.0,5.0,0.0
2026-07-08T17:01:46.353690,0.0,4.0,4.0,0.0
2026-07-08T17:01:47.354133,2.0,5.0,5.0,0.0
2026-07-08T17:01:48.354710,0.0,6.0,5.1,0.0
2026-07-08T17:01:49.355199,1.0,5.1,19.2,16.2
2026-07-08T17:01:50.355649,0.0,4.0,5.0,0.0
2026-07-08T17:01:51.356090,0.0,5.0,4.0,0.0
2026-07-08T17:01:52.356532,0.0,5.0,4.0,1.0
2026-07-08T17:01:53.357085,1.0,5.0,14.0,10.1
2026-07-08T17:01:54.357911,0.0,6.0,8.0,3.0
2026-07-08T17:01:55.358499,0.0,7.0,5.1,1.0
2026-07-08T17:01:56.359179,0.0,6.0,6.0,0.0
2026-07-08T17:01:57.359750,1.0,7.0,6.0,0.0
2026-07-08T17:01:58.360310,0.0,6.1,4.0,2.0
2026-07-08T17:01:59.360900,2.0,7.0,16.0,10.9
2026-07-08T17:02:00.361424,1.0,5.0,10.0,6.9
2026-07-08T17:02:01.361866,1.0,4.0,4.0,0.0
2026-07-08T17:02:02.362303,0.0,5.0,4.0,1.0
2026-07-08T17:02:03.362744,0.0,5.0,5.0,1.0
2026-07-08T17:02:04.363270,0.0,4.0,4.0,0.0
2026-07-08T17:02:05.363850,1.0,6.9,6.9,1.0
2026-07-08T17:02:06.364452,5.0,6.0,0.0,2.0
2026-07-08T17:02:07.365054,4.0,5.0,17.0,18.8
2026-07-08T17:02:08.365445,2.0,3.0,4.0,0.0
2026-07-08T17:02:09.365911,1.0,4.0,4.0,0.0
2026-07-08T17:02:10.366306,1.0,4.0,4.0,1.0
2026-07-08T17:02:11.366696,1.0,4.0,4.0,0.0
2026-07-08T17:02:12.367187,2.0,5.0,14.1,9.1
2026-07-08T17:02:13.367686,1.0,4.0,19.0,24.0
2026-07-08T17:02:14.368069,1.0,4.0,3.0,0.0
2026-07-08T17:02:15.368456,1.0,4.0,4.0,0.0
2026-07-08T17:02:16.368941,2.0,3.0,5.0,0.0
2026-07-08T17:02:17.369415,1.0,4.0,4.0,0.0
2026-07-08T17:02:18.369981,2.0,6.0,6.0,1.0
2026-07-08T17:02:19.370576,2.0,5.1,5.1,0.0
2026-07-08T17:02:20.371114,1.0,6.0,6.0,1.0
2026-07-08T17:02:21.371600,1.0,6.0,6.0,0.0
2026-07-08T17:02:22.372166,2.0,5.0,33.0,27.0
2026-07-08T17:02:23.372673,1.0,4.0,5.0,2.0
2026-07-08T17:02:24.373064,1.0,3.0,5.0,2.0
2026-07-08T17:02:25.373450,1.0,4.0,3.0,1.0
2026-07-08T17:02:26.373842,2.0,5.0,4.0,1.0
2026-07-08T17:02:27.374287,2.0,3.0,4.0,1.0
2026-07-08T17:02:28.374840,1.0,6.9,6.0,1.0
2026-07-08T17:02:29.375420,2.0,6.0,5.9,0.0
2026-07-08T17:02:30.375967,2.0,6.9,6.0,0.0
2026-07-08T17:02:31.376459,1.0,6.0,5.0,0.0
2026-07-08T17:02:32.377151,1.0,6.0,15.3,11.9
2026-07-08T17:02:33.378060,3.0,12.0,46.5,35.0
2026-07-08T17:02:34.378587,2.0,5.9,5.1,0.0
2026-07-08T17:02:35.378974,0.0,4.0,3.1,0.0
2026-07-08T17:02:36.379359,1.0,5.0,4.0,1.0
2026-07-08T17:02:37.379819,1.0,4.0,4.0,0.0
2026-07-08T17:02:38.380425,1.0,6.0,6.0,0.0
2026-07-08T17:02:39.380915,1.0,6.0,5.1,1.0
2026-07-08T17:02:40.381485,2.0,17.0,17.0,1.0
2026-07-08T17:02:41.381984,1.0,35.7,35.0,2.0
2026-07-08T17:02:42.382371,1.0,4.0,4.0,0.0
2026-07-08T17:02:43.382755,1.0,4.0,4.0,1.0
2026-07-08T17:02:44.383138,1.0,3.0,4.0,0.0
2026-07-08T17:02:45.383615,1.0,4.0,3.0,0.0
2026-07-08T17:02:46.384068,2.0,34.3,33.7,0.0
2026-07-08T17:02:47.384466,1.0,5.0,2.0,2.0
2026-07-08T17:02:48.384859,0.0,4.0,0.0,4.0
2026-07-08T17:02:49.385261,3.0,4.0,0.0,2.0
2026-07-08T17:02:50.385650,2.0,4.0,3.0,0.0
2026-07-08T17:02:51.386100,6.1,5.0,1.0,1.0
2026-07-08T17:02:52.386532,3.0,5.0,19.2,15.2
2026-07-08T17:02:53.386995,4.0,4.0,2.0,0.0
2026-07-08T17:02:54.387376,1.0,3.0,1.0,4.0
2026-07-08T17:02:55.387750,0.0,4.0,1.0,4.0
2026-07-08T17:02:56.388117,1.0,4.0,2.0,4.0
2026-07-08T17:02:57.388553,1.0,5.9,6.0,0.0
2026-07-08T17:02:58.389030,1.0,6.0,7.0,1.0
2026-07-08T17:02:59.389584,0.0,2.0,19.0,16.0
2026-07-08T17:03:00.390070,1.0,4.0,32.3,29.3
2026-07-08T17:03:01.390448,2.0,0.0,5.0,3.0
2026-07-08T17:03:02.390824,1.0,0.0,3.0,3.0
2026-07-08T17:03:03.391199,0.0,4.0,5.9,0.0
2026-07-08T17:03:04.391639,0.0,5.0,5.0,0.0
2026-07-08T17:03:05.392164,1.0,14.0,18.0,5.9
2026-07-08T17:03:06.392604,0.0,8.9,8.0,0.0
2026-07-08T17:03:07.393176,0.0,31.3,31.4,2.0
2026-07-08T17:03:08.393758,0.0,5.0,4.0,0.0
2026-07-08T17:03:09.394131,3.0,0.0,5.0,2.0
2026-07-08T17:03:10.394502,1.0,0.0,5.0,4.0
2026-07-08T17:03:11.394938,0.0,0.0,7.0,6.9
2026-07-08T17:03:12.395445,0.0,0.0,6.1,6.1
2026-07-08T17:03:13.395942,0.0,1.0,7.0,6.0
2026-07-08T17:03:14.396419,1.0,0.0,7.0,5.1
2026-07-08T17:03:15.396894,0.0,0.0,6.1,7.8
2026-07-08T17:03:16.397381,0.0,0.0,7.0,6.0
2026-07-08T17:03:17.397870,0.0,1.0,6.9,6.0
2026-07-08T17:03:18.398398,0.0,0.0,7.0,6.0
2026-07-08T17:03:19.398903,0.0,0.0,7.0,6.0
2026-07-08T17:03:20.399394,0.0,0.0,6.1,7.0
2026-07-08T17:03:21.399896,1.0,0.0,6.9,7.0
2026-07-08T17:03:22.400382,1.0,1.0,6.1,6.0
2026-07-08T17:03:23.400888,0.0,0.0,7.0,5.1
2026-07-08T17:03:24.401390,0.0,0.0,6.0,6.9
2026-07-08T17:03:25.401874,0.0,1.0,6.1,5.1
2026-07-08T17:03:26.402386,0.0,0.0,7.0,6.0
2026-07-08T17:03:27.402889,1.0,1.0,6.0,5.1
2026-07-08T17:03:28.403387,0.0,0.0,7.0,6.0
2026-07-08T17:03:29.403870,0.0,0.0,6.1,5.1
2026-07-08T17:03:30.404358,0.0,3.0,6.9,5.0
2026-07-08T17:03:31.404780,0.0,18.0,20.2,5.0
2026-07-08T17:03:32.405162,0.0,1.0,4.0,4.0
2026-07-08T17:03:33.405563,0.0,0.0,5.0,5.0
2026-07-08T17:03:34.405930,1.0,1.0,4.0,3.0
2026-07-08T17:03:35.406339,2.0,16.2,18.0,1.0
2026-07-08T17:03:36.406804,0.0,18.0,18.0,1.0
2026-07-08T17:03:37.407332,0.0,6.9,6.0,1.0
2026-07-08T17:03:38.407866,1.0,4.0,7.0,2.0
2026-07-08T17:03:39.408357,4.0,0.0,6.1,2.0
2026-07-08T17:03:40.408769,6.0,16.0,21.0,1.0
2026-07-08T17:03:41.409145,2.0,0.0,5.9,2.0
2026-07-08T17:03:42.409616,5.0,1.0,1.0,2.0
2026-07-08T17:03:43.409991,4.0,0.0,5.0,1.0
2026-07-08T17:03:44.410364,1.0,0.0,5.0,3.0
2026-07-08T17:03:45.410806,2.0,3.0,5.1,0.0
2026-07-08T17:03:46.411232,1.0,18.2,20.0,2.0
2026-07-08T17:03:47.411604,0.0,2.0,5.9,2.0
2026-07-08T17:03:48.412062,0.0,4.0,3.0,2.0
2026-07-08T17:03:49.412430,0.0,4.0,5.0,0.0
2026-07-08T17:03:50.412804,1.0,5.0,1.0,2.0
2026-07-08T17:03:51.413273,0.0,6.0,6.0,1.0
2026-07-08T17:03:52.413772,0.0,7.0,6.0,1.0
2026-07-08T17:03:53.414272,0.0,6.9,6.0,0.0
2026-07-08T17:03:54.414704,1.0,34.0,29.0,4.0
2026-07-08T17:03:55.415081,1.0,4.0,0.0,4.0
2026-07-08T17:03:56.415466,1.0,4.0,1.0,4.0
2026-07-08T17:03:57.415849,1.0,4.0,1.0,3.0
2026-07-08T17:03:58.416235,2.0,16.2,14.3,2.0
2026-07-08T17:03:59.416702,1.0,5.9,5.9,0.0
2026-07-08T17:04:00.417208,1.0,5.0,6.0,0.0
2026-07-08T17:04:01.417729,2.0,6.0,6.0,0.0
2026-07-08T17:04:02.418233,1.0,5.9,6.0,2.0
2026-07-08T17:04:03.418786,1.0,18.4,18.4,1.0
2026-07-08T17:04:04.419371,2.0,6.0,6.9,0.0
2026-07-08T17:04:05.419764,1.0,5.0,0.0,4.0
2026-07-08T17:04:06.420270,5.0,3.0,0.0,1.0
2026-07-08T17:04:07.420755,4.0,1.0,0.0,3.0
2026-07-08T17:04:08.421213,5.0,14.0,13.0,5.9
2026-07-08T17:04:09.421755,7.0,0.0,0.0,5.1
2026-07-08T17:04:10.422291,6.1,0.0,1.0,6.0
2026-07-08T17:04:11.422795,6.1,0.0,0.0,5.1
2026-07-08T17:04:12.423313,6.0,0.0,0.0,5.1
2026-07-08T17:04:13.423836,7.0,0.0,0.0,6.0
2026-07-08T17:04:14.424343,7.0,0.0,1.0,6.0
2026-07-08T17:04:15.424850,7.0,1.0,0.0,5.1
2026-07-08T17:04:16.425355,6.1,0.0,0.0,6.0
2026-07-08T17:04:17.425840,6.0,0.0,0.0,6.0
2026-07-08T17:04:18.426283,5.1,47.1,40.4,4.0
2026-07-08T17:04:19.426683,5.0,2.0,2.0,0.0
2026-07-08T17:04:20.427071,5.0,2.0,2.0,0.0
2026-07-08T17:04:21.427451,5.0,2.0,3.0,1.0
2026-07-08T17:04:22.427827,5.9,0.0,4.0,0.0
2026-07-08T17:04:23.428273,6.0,0.0,5.0,0.0
2026-07-08T17:04:24.428789,7.0,0.0,5.1,1.0
2026-07-08T17:04:25.429338,6.1,0.0,6.9,0.0
2026-07-08T17:04:26.429857,6.1,0.0,6.0,1.0
2026-07-08T17:04:27.430293,5.0,17.0,18.2,1.0
2026-07-08T17:04:28.430673,5.0,0.0,5.0,0.0
2026-07-08T17:04:29.431178,5.0,0.0,4.0,0.0
2026-07-08T17:04:30.431557,4.0,1.0,2.0,2.0
2026-07-08T17:04:31.431933,5.0,0.0,2.0,4.0
2026-07-08T17:04:32.432521,6.0,15.0,14.0,6.0
2026-07-08T17:04:33.433138,4.0,18.0,15.8,1.0
2026-07-08T17:04:34.433528,4.0,4.0,0.0,0.0
2026-07-08T17:04:35.433903,5.0,4.0,0.0,0.0
2026-07-08T17:04:36.434282,5.0,4.0,1.0,0.0
2026-07-08T17:04:37.434734,4.0,4.0,0.0,0.0
2026-07-08T17:04:38.435175,6.0,34.0,27.3,1.0
2026-07-08T17:04:39.435548,5.0,4.0,0.0,1.0
2026-07-08T17:04:40.435920,4.0,4.0,0.0,0.0
2026-07-08T17:04:41.436360,5.0,5.0,0.0,1.0
2026-07-08T17:04:42.436799,5.0,4.0,1.0,0.0
2026-07-08T17:04:43.437379,5.1,5.9,0.0,0.0
2026-07-08T17:04:44.438140,7.0,5.1,1.0,0.0
2026-07-08T17:04:45.438753,5.1,19.0,16.0,1.0
2026-07-08T17:04:46.439188,4.0,4.0,0.0,0.0
2026-07-08T17:04:47.439624,5.0,0.0,5.0,0.0
2026-07-08T17:04:48.440066,5.0,14.0,17.0,1.0
2026-07-08T17:04:49.440501,4.0,2.0,1.0,1.0
2026-07-08T17:04:50.440994,6.9,2.0,0.0,4.0
2026-07-08T17:04:51.441666,7.0,2.0,0.0,4.0
2026-07-08T17:04:52.442353,6.1,6.0,0.0,0.0
2026-07-08T17:04:53.443093,6.1,6.9,0.0,0.0
2026-07-08T17:04:54.443666,6.1,6.0,0.0,1.0
2026-07-08T17:04:55.444149,6.9,31.7,29.0,1.0
2026-07-08T17:04:56.444589,4.0,0.0,3.0,1.0
2026-07-08T17:04:57.445025,2.0,0.0,4.0,4.0
2026-07-08T17:04:58.445467,1.0,4.0,4.0,0.0
2026-07-08T17:04:59.445899,1.0,4.0,4.0,0.0
2026-07-08T17:05:00.446540,1.0,18.0,20.8,5.0
2026-07-08T17:05:01.447168,1.0,4.0,4.0,0.0
2026-07-08T17:05:02.447596,1.0,2.0,4.0,4.0
2026-07-08T17:05:03.448023,1.0,0.0,4.0,3.0
2026-07-08T17:05:04.448453,1.0,1.0,5.0,4.0
2026-07-08T17:05:05.448899,0.0,0.0,3.0,4.0
2026-07-08T17:05:06.449373,2.0,30.0,34.0,5.9
2026-07-08T17:05:07.449808,1.0,0.0,4.0,4.0
2026-07-08T17:05:08.450239,0.0,1.0,3.0,5.0
2026-07-08T17:05:09.450676,1.0,0.0,4.9,5.0
2026-07-08T17:05:10.451275,0.0,1.0,4.0,4.0
2026-07-08T17:05:11.451706,2.0,29.3,34.0,5.0
2026-07-08T17:05:12.452149,2.0,1.0,4.0,5.0
2026-07-08T17:05:13.452595,0.0,0.0,4.0,5.0
2026-07-08T17:05:14.453120,1.0,0.0,3.0,4.0
2026-07-08T17:05:15.453604,2.0,0.0,3.0,4.0
2026-07-08T17:05:16.454144,1.0,0.0,4.0,5.0
2026-07-08T17:05:17.454729,1.0,0.0,5.9,6.0
2026-07-08T17:05:18.455256,2.0,30.0,34.0,5.9
2026-07-08T17:05:19.455709,1.0,43.6,43.4,3.0
2026-07-08T17:05:20.456160,3.0,31.0,29.3,0.0
2026-07-08T17:05:21.456610,1.0,3.0,4.0,0.0
2026-07-08T17:05:22.457067,1.0,2.0,4.0,3.0
2026-07-08T17:05:23.457755,1.0,0.0,5.0,5.0
2026-07-08T17:05:24.458490,1.0,0.0,5.1,5.1
2026-07-08T17:05:25.458998,2.0,16.0,22.0,5.1
2026-07-08T17:05:26.459449,1.0,17.0,13.0,5.0
2026-07-08T17:05:27.459898,2.0,4.0,0.0,4.0
2026-07-08T17:05:28.460358,0.0,4.0,3.0,1.0
2026-07-08T17:05:29.460812,1.0,4.0,4.0,0.0
2026-07-08T17:05:30.461354,2.0,5.0,3.0,0.0
2026-07-08T17:05:31.461922,2.0,6.0,5.1,0.0
2026-07-08T17:05:32.462416,1.0,21.8,21.8,1.0
2026-07-08T17:05:33.462852,0.0,4.0,4.0,0.0
2026-07-08T17:05:34.463290,1.0,4.0,4.0,0.0
2026-07-08T17:05:35.463725,1.0,4.0,4.0,1.0
2026-07-08T17:05:36.464212,0.0,5.0,4.0,1.0
2026-07-08T17:05:37.464763,1.0,5.0,4.0,0.0
2026-07-08T17:05:38.465405,2.0,6.0,5.1,0.0
2026-07-08T17:05:39.466002,2.0,6.0,5.1,0.0
2026-07-08T17:05:40.466526,2.0,47.0,46.1,0.0
2026-07-08T17:05:41.466991,1.0,18.0,17.0,0.0
2026-07-08T17:05:42.467444,0.0,4.0,4.0,1.0
2026-07-08T17:05:43.467893,1.0,4.0,4.0,1.0
2026-07-08T17:05:44.468344,1.0,4.0,3.0,0.0
2026-07-08T17:05:45.468877,1.0,5.0,5.1,1.0
2026-07-08T17:05:46.469488,2.0,5.1,6.0,0.0
2026-07-08T17:05:47.470091,1.0,22.0,20.8,0.0
2026-07-08T17:05:48.470539,1.0,31.3,29.3,1.0
2026-07-08T17:05:49.470990,1.0,4.0,4.0,1.0
2026-07-08T17:05:50.471437,1.0,4.0,4.0,0.0
2026-07-08T17:05:51.471987,3.0,4.0,0.0,3.0
2026-07-08T17:05:52.472540,5.1,3.0,1.0,0.0
2026-07-08T17:05:53.473261,6.0,5.0,0.0,2.0
2026-07-08T17:05:54.473829,7.0,2.0,0.0,5.0
2026-07-08T17:05:55.474311,6.0,30.0,28.7,7.0
2026-07-08T17:05:56.474750,5.0,44.9,38.0,2.0
2026-07-08T17:05:57.475192,4.0,3.0,2.0,1.0
2026-07-08T17:05:58.475633,5.0,3.0,2.0,0.0
2026-07-08T17:05:59.476065,5.0,1.0,3.0,0.0
2026-07-08T17:06:00.476578,5.1,1.0,5.0,0.0
2026-07-08T17:06:01.477141,5.1,0.0,6.0,2.0
2026-07-08T17:06:02.477711,5.0,0.0,5.1,1.0
2026-07-08T17:06:03.478288,6.0,0.0,6.0,1.0
2026-07-08T17:06:04.478792,4.0,30.0,32.0,3.0
2026-07-08T17:06:05.479229,4.0,2.0,4.0,1.0
2026-07-08T17:06:06.479659,4.0,0.0,3.0,1.0
2026-07-08T17:06:07.480085,4.0,2.0,3.0,2.0
2026-07-08T17:06:08.480512,4.0,4.0,0.0,1.0
2026-07-08T17:06:09.480945,4.0,48.0,39.8,4.0
2026-07-08T17:06:10.481397,4.0,46.0,38.0,2.0
2026-07-08T17:06:11.481850,5.0,45.0,38.6,3.0
2026-07-08T17:06:12.482283,5.0,44.4,38.0,3.0
2026-07-08T17:06:13.482709,4.0,15.2,14.1,3.0
2026-07-08T17:06:14.483297,3.0,0.0,4.0,2.0
2026-07-08T17:06:15.483928,4.0,0.0,5.1,3.0
2026-07-08T17:06:16.484509,1.0,5.0,2.0,5.0
2026-07-08T17:06:17.485031,2.0,20.2,14.9,6.1
2026-07-08T17:06:18.485471,3.0,4.0,0.0,2.0
2026-07-08T17:06:19.485897,5.0,4.0,0.0,2.0
2026-07-08T17:06:20.486321,4.0,3.0,0.0,0.0
2026-07-08T17:06:21.486749,4.0,4.0,0.0,1.0
2026-07-08T17:06:22.487198,5.9,20.0,15.8,2.0
2026-07-08T17:06:23.487645,4.0,45.0,38.0,3.0
2026-07-08T17:06:24.488078,5.0,17.2,13.0,2.0
2026-07-08T17:06:25.488510,4.0,3.0,0.0,2.0
2026-07-08T17:06:26.488935,4.0,5.0,1.0,1.0
2026-07-08T17:06:27.489451,4.0,4.0,0.0,1.0
2026-07-08T17:06:28.489936,6.1,21.2,14.1,2.0
2026-07-08T17:06:29.490379,4.0,45.0,39.4,3.0
2026-07-08T17:06:30.490811,0.0,4.0,5.0,1.0
2026-07-08T17:06:31.491235,0.0,4.0,4.0,1.0
2026-07-08T17:06:32.491662,0.0,4.0,4.0,1.0
2026-07-08T17:06:33.492171,0.0,4.0,4.0,1.0
2026-07-08T17:06:34.492779,0.0,6.9,5.9,1.0
2026-07-08T17:06:35.493297,2.0,32.3,31.3,1.0
2026-07-08T17:06:36.493737,4.0,3.0,1.0,1.0
2026-07-08T17:06:37.494182,4.0,2.0,4.0,1.0
2026-07-08T17:06:38.494614,1.0,4.0,2.0,1.0
2026-07-08T17:06:39.495044,0.0,4.0,5.0,1.0
