Datetime,Time[S],Volt[V],Current[A],Power[W]
2026-07-09T08:48:47.918472,  0.0,05.1104,0.48866,02.4970
2026-07-09T08:48:48.921546,  1.0,05.1103,0.47592,02.4319
2026-07-09T08:48:49.926465,  2.0,05.1078,0.78949,04.0263
2026-07-09T08:48:50.926641,  3.0,05.1091,0.82887,04.2272
2026-07-09T08:48:51.932180,  4.0,05.1097,0.83031,04.2345
2026-07-09T08:48:52.937221,  5.0,05.1031,1.22185,06.2314
2026-07-09T08:48:53.942290,  6.0,05.1017,0.96902,04.9420
2026-07-09T08:48:54.947158,  7.0,05.1158,1.00843,05.1530
2026-07-09T08:48:55.950347,  8.0,05.1167,1.03480,05.2878
2026-07-09T08:48:56.952504,  9.0,05.1123,1.12693,05.7586
2026-07-09T08:48:57.952527, 10.0,05.1091,1.69561,08.6476
2026-07-09T08:48:58.956492, 11.0,05.1009,1.78357,09.0962
2026-07-09T08:48:59.957027, 12.0,05.0994,1.75732,08.9447
2026-07-09T08:49:00.961966, 13.0,05.1093,1.76195,08.9859
2026-07-09T08:49:01.966658, 14.0,05.1212,1.62374,08.3135
2026-07-09T08:49:02.971503, 15.1,05.1092,0.99644,05.0818
2026-07-09T08:49:03.976396, 16.1,05.1126,0.97261,04.9700
2026-07-09T08:49:04.977351, 17.1,05.0995,1.85179,09.4256
2026-07-09T08:49:05.982401, 18.1,05.1170,1.63617,08.3608
2026-07-09T08:49:06.986595, 19.1,05.1139,1.62865,08.3224
2026-07-09T08:49:07.992062, 20.1,05.1026,1.70443,08.6925
2026-07-09T08:49:08.995808, 21.1,05.1073,1.80034,09.1817
2026-07-09T08:49:09.997192, 22.1,05.1158,1.86179,09.5137
2026-07-09T08:49:11.002360, 23.1,05.1080,1.81837,09.2736
2026-07-09T08:49:12.006459, 24.1,05.1231,1.80457,09.2393
2026-07-09T08:49:13.011418, 25.1,05.1191,1.66794,08.5231
2026-07-09T08:49:14.017153, 26.1,05.1078,1.84690,09.4191
2026-07-09T08:49:15.022248, 27.1,05.1041,1.84249,09.3966
2026-07-09T08:49:16.025545, 28.1,05.0945,1.13768,05.7907
2026-07-09T08:49:17.026918, 29.1,05.1055,1.08658,05.5415
2026-07-09T08:49:18.028421, 30.1,05.1048,1.12009,05.7124
2026-07-09T08:49:19.030558, 31.1,05.1091,1.01002,05.1511
2026-07-09T08:49:20.033254, 32.1,05.1066,1.03761,05.2918
2026-07-09T08:49:21.035324, 33.1,05.1133,1.00938,05.1579
2026-07-09T08:49:22.036290, 34.1,05.1091,1.07642,05.4897
2026-07-09T08:49:23.038626, 35.1,05.1108,1.06258,05.4297
2026-07-09T08:49:24.039364, 36.1,05.1072,1.02144,05.2093
2026-07-09T08:49:25.041310, 37.1,05.1044,1.65741,08.4527
2026-07-09T08:49:26.045174, 38.1,05.1083,1.77087,09.0314
2026-07-09T08:49:27.050386, 39.1,05.1031,1.07031,05.4585
2026-07-09T08:49:28.055433, 40.1,05.1109,1.08759,05.5575
2026-07-09T08:49:29.059120, 41.1,05.1070,1.14849,05.8572
2026-07-09T08:49:30.064780, 42.1,05.1175,1.08855,05.5624
2026-07-09T08:49:31.069431, 43.2,05.0955,1.07435,05.4684
2026-07-09T08:49:32.072782, 44.2,05.1158,1.01435,05.1833
2026-07-09T08:49:33.077018, 45.2,05.1237,1.76234,09.0231
2026-07-09T08:49:34.082108, 46.2,05.1073,1.67647,08.5499
2026-07-09T08:49:35.083568, 47.2,05.1005,1.97560,10.0755
2026-07-09T08:49:36.087897, 48.2,05.0975,1.61746,08.2328
2026-07-09T08:49:37.092777, 49.2,05.1014,1.83316,09.3491
2026-07-09T08:49:38.097761, 50.2,05.1031,1.76251,08.9888
2026-07-09T08:49:39.100280, 51.2,05.1133,1.85018,09.4544
2026-07-09T08:49:40.102211, 52.2,05.1109,1.89727,09.6950
2026-07-09T08:49:41.102785, 53.2,05.1125,1.77150,09.0523
2026-07-09T08:49:42.107853, 54.2,05.1061,1.08069,05.5115
2026-07-09T08:49:43.110670, 55.2,05.1044,1.73189,08.8326
2026-07-09T08:49:44.111507, 56.2,05.0967,1.95247,09.9380
2026-07-09T08:49:45.117748, 57.2,05.1076,1.81591,09.2611
2026-07-09T08:49:46.120917, 58.2,05.1051,1.09138,05.5660
2026-07-09T08:49:47.121804, 59.2,05.1126,1.02871,05.2567
2026-07-09T08:49:48.125903, 60.2,05.1073,1.07339,05.4742
2026-07-09T08:49:49.130708, 61.2,05.1026,1.07128,05.4635
2026-07-09T08:49:50.134999, 62.2,05.1172,1.07294,05.4827
2026-07-09T08:49:51.136459, 63.2,05.1100,1.03849,05.3066
2026-07-09T08:49:52.138901, 64.2,05.1133,1.82276,09.3143
2026-07-09T08:49:53.140683, 65.2,05.1070,1.85360,09.4533
2026-07-09T08:49:54.145209, 66.2,05.0973,1.19695,06.0924
2026-07-09T08:49:55.150183, 67.2,05.1025,1.04907,05.3502
2026-07-09T08:49:56.155359, 68.2,05.1006,1.04388,05.3237
2026-07-09T08:49:57.158308, 69.2,05.1089,1.02300,05.2173
2026-07-09T08:49:58.159173, 70.2,05.1026,1.35661,06.9187
2026-07-09T08:49:59.159741, 71.2,05.1103,1.76952,09.0422
2026-07-09T08:50:00.164890, 72.2,05.1136,1.09090,05.5744
2026-07-09T08:50:01.166995, 73.2,05.1056,1.08412,05.5290
2026-07-09T08:50:02.171700, 74.3,05.1161,1.05276,05.3796
2026-07-09T08:50:03.175993, 75.3,05.1048,1.03994,05.3036
2026-07-09T08:50:04.181164, 76.3,05.1151,1.05420,05.3869
2026-07-09T08:50:05.184603, 77.3,05.1094,1.74093,08.8787
2026-07-09T08:50:06.189468, 78.3,05.1028,1.82513,09.3081
2026-07-09T08:50:07.193106, 79.3,05.1017,1.04843,05.3469
2026-07-09T08:50:08.198261, 80.3,05.1042,1.06740,05.4437
2026-07-09T08:50:09.200384, 81.3,05.1047,1.02663,05.2358
2026-07-09T08:50:10.203659, 82.3,05.1019,1.03726,05.2900
2026-07-09T08:50:11.208847, 83.3,05.1066,1.01974,05.2006
2026-07-09T08:50:12.213642, 84.3,05.1066,1.78799,09.1187
2026-07-09T08:50:13.217667, 85.3,05.1033,1.03918,05.2998
2026-07-09T08:50:14.217912, 86.3,05.1137,1.03670,05.2975
2026-07-09T08:50:15.222307, 87.3,05.1095,1.05011,05.3555
2026-07-09T08:50:16.227788, 88.3,05.1050,1.80283,09.1944
2026-07-09T08:50:17.232557, 89.3,05.1134,1.75677,08.9770
2026-07-09T08:50:18.234382, 90.3,05.1155,1.65616,08.4629
2026-07-09T08:50:19.239204, 91.3,05.1137,1.11141,05.6793
2026-07-09T08:50:20.242147, 92.3,05.1028,1.10092,05.6146
2026-07-09T08:50:21.246647, 93.3,05.1161,1.03027,05.2646
2026-07-09T08:50:22.250481, 94.3,05.1131,1.05425,05.3872
2026-07-09T08:50:23.254001, 95.3,05.1071,1.10277,05.6241
2026-07-09T08:50:24.259485, 96.3,05.1037,1.12186,05.7214
2026-07-09T08:50:25.261210, 97.3,05.1150,1.06483,05.4412
2026-07-09T08:50:26.261172, 98.3,05.1106,1.76111,08.9992
2026-07-09T08:50:27.266114, 99.3,05.0939,1.75398,08.9277
2026-07-09T08:50:28.267215,100.3,05.0956,1.72000,08.7548
2026-07-09T08:50:29.272573,101.4,05.1045,1.86259,09.4992
2026-07-09T08:50:30.275340,102.4,05.0986,1.90039,09.6729
2026-07-09T08:50:31.275961,103.4,05.1062,1.81738,09.2686
2026-07-09T08:50:32.276830,104.4,05.1062,1.88574,09.6172
2026-07-09T08:50:33.277696,105.4,05.1063,1.73178,08.8320
2026-07-09T08:50:34.279309,106.4,05.1045,1.89668,09.6730
2026-07-09T08:50:35.284060,107.4,05.1033,1.70451,08.6930
2026-07-09T08:50:36.283176,108.4,05.1069,1.75228,08.9366
2026-07-09T08:50:37.283886,109.4,05.1111,1.14471,05.8494
2026-07-09T08:50:38.287160,110.4,05.1061,1.11620,05.6926
2026-07-09T08:50:39.292167,111.4,05.1194,1.69841,08.6788
2026-07-09T08:50:40.297746,112.4,05.0995,1.64158,08.3556
2026-07-09T08:50:41.298549,113.4,05.1162,1.84701,09.4382
2026-07-09T08:50:42.302050,114.4,05.1144,1.40921,07.2010
2026-07-09T08:50:43.307148,115.4,05.1117,1.05783,05.4055
2026-07-09T08:50:44.308964,116.4,05.1155,1.03049,05.2658
2026-07-09T08:50:45.310016,117.4,05.1145,1.05950,05.4140
2026-07-09T08:50:46.310864,118.4,05.1162,1.11028,05.6735
2026-07-09T08:50:47.316126,119.4,05.1017,1.72062,08.7751
2026-07-09T08:50:48.321564,120.4,05.1094,1.56595,07.9863
2026-07-09T08:50:49.326032,121.4,05.0966,1.81384,09.2324
2026-07-09T08:50:50.326727,122.4,05.1022,2.01113,10.2567
2026-07-09T08:50:51.331665,123.4,05.0983,1.80406,09.1826
2026-07-09T08:50:52.332948,124.4,05.1044,1.82764,09.3209
2026-07-09T08:50:53.334218,125.4,05.1044,1.97176,10.0559
2026-07-09T08:50:54.339102,126.4,05.1025,1.84445,09.4066
2026-07-09T08:50:55.339977,127.4,05.1109,1.81987,09.2995
2026-07-09T08:50:56.340104,128.4,05.1147,1.48290,07.5776
2026-07-09T08:50:57.345121,129.4,05.1137,1.11951,05.7206
2026-07-09T08:50:58.350220,130.4,05.1077,1.01547,05.1788
2026-07-09T08:50:59.355817,131.4,05.1016,1.64662,08.3977
2026-07-09T08:51:00.360441,132.4,05.1091,1.80536,09.2073
2026-07-09T08:51:01.360544,133.4,05.1091,1.82851,09.3254
2026-07-09T08:51:02.361333,134.4,05.1103,1.10645,05.6539
2026-07-09T08:51:03.362473,135.4,05.1081,1.09991,05.6095
2026-07-09T08:51:04.367528,136.5,05.1022,1.00539,05.1274
2026-07-09T08:51:05.371084,137.5,05.1120,1.06025,05.4178
2026-07-09T08:51:06.371662,138.5,05.1005,0.99315,05.0650
2026-07-09T08:51:07.375010,139.5,05.1076,1.80909,09.2263
2026-07-09T08:51:08.380137,140.5,05.1087,1.79526,09.1558
2026-07-09T08:51:09.384895,141.5,05.1145,1.02419,05.2336
2026-07-09T08:51:10.386688,142.5,05.1056,1.09830,05.6013
2026-07-09T08:51:11.390057,143.5,05.1033,1.08543,05.5356
2026-07-09T08:51:12.391000,144.5,05.1033,1.84583,09.4137
2026-07-09T08:51:13.393329,145.5,05.1323,1.75167,08.9860
2026-07-09T08:51:14.394001,146.5,05.1159,1.09728,05.6071
2026-07-09T08:51:15.397672,147.5,05.1106,1.09749,05.6081
2026-07-09T08:51:16.401261,148.5,05.1100,1.07660,05.5014
2026-07-09T08:51:17.404307,149.5,05.1164,1.09112,05.5756
2026-07-09T08:51:18.409226,150.5,05.1066,1.07245,05.4694
2026-07-09T08:51:19.413269,151.5,05.1082,1.04810,05.3453
2026-07-09T08:51:20.418126,152.5,05.1076,1.77958,09.0758
2026-07-09T08:51:21.423304,153.5,05.1133,1.72110,08.7948
2026-07-09T08:51:22.427260,154.5,05.1170,1.74816,08.9330
2026-07-09T08:51:23.431966,155.5,05.0966,1.82679,09.2983
2026-07-09T08:51:24.434900,156.5,05.1094,1.13355,05.7811
2026-07-09T08:51:25.436582,157.5,05.1070,1.05015,05.3557
2026-07-09T08:51:26.440950,158.5,05.1026,1.04456,05.3272
2026-07-09T08:51:27.443669,159.5,05.1048,0.97310,04.9628
2026-07-09T08:51:28.448662,160.5,05.1070,1.12112,05.7177
2026-07-09T08:51:29.450130,161.5,05.1116,1.01244,05.1735
2026-07-09T08:51:30.450668,162.5,05.1094,1.64139,08.3710
2026-07-09T08:51:31.455235,163.5,05.1122,1.10139,05.6281
2026-07-09T08:51:32.460227,164.5,05.1137,1.04156,05.3223
2026-07-09T08:51:33.462857,165.5,05.0980,1.06133,05.4021
2026-07-09T08:51:34.464853,166.5,05.1095,1.09014,05.5597
2026-07-09T08:51:35.464689,167.5,05.0984,1.10111,05.6046
2026-07-09T08:51:36.469789,168.6,05.0917,1.11222,05.6611
2026-07-09T08:51:37.470083,169.6,05.1089,1.72725,08.8089
2026-07-09T08:51:38.476169,170.6,05.0991,1.14949,05.8509
2026-07-09T08:51:39.472628,171.6,05.1051,0.93091,04.7476
2026-07-09T08:51:40.476041,172.6,05.1087,1.09679,05.5936
2026-07-09T08:51:41.478249,173.6,05.1155,1.10295,05.6360
2026-07-09T08:51:42.480056,174.6,05.1150,1.05830,05.4079
2026-07-09T08:51:43.484472,175.6,05.1166,1.06201,05.4268
2026-07-09T08:51:44.486421,176.6,05.1072,1.02777,05.2416
2026-07-09T08:51:45.487082,177.6,05.1126,1.75102,08.9477
2026-07-09T08:51:46.490689,178.6,05.0998,1.72044,08.7570
2026-07-09T08:51:47.495049,179.6,05.1080,1.93880,09.8878
2026-07-09T08:51:48.499164,180.6,05.1144,1.81203,09.2594
2026-07-09T08:51:49.504147,181.6,05.1075,1.71520,08.7475
2026-07-09T08:51:50.509414,182.6,05.1072,1.90827,09.7321
2026-07-09T08:51:51.511992,183.6,05.1170,1.72840,08.8321
2026-07-09T08:51:52.516966,184.6,05.1097,1.71094,08.7257
2026-07-09T08:51:53.519622,185.6,05.1055,1.77922,09.0740
2026-07-09T08:51:54.519743,186.6,05.1109,1.77245,09.0572
2026-07-09T08:51:55.524089,187.6,05.1122,1.81403,09.2696
2026-07-09T08:51:56.527250,188.6,05.1028,1.87879,09.5818
2026-07-09T08:51:57.529106,189.6,05.1094,1.72229,08.7836
2026-07-09T08:51:58.530173,190.6,05.1076,1.79427,09.1507
2026-07-09T08:51:59.534557,191.6,05.1083,1.13365,05.7816
2026-07-09T08:52:00.539932,192.6,05.1055,1.14059,05.8170
2026-07-09T08:52:01.543454,193.6,05.1047,0.98086,05.0023
2026-07-09T08:52:02.547216,194.6,05.1147,1.04168,05.3229
2026-07-09T08:52:03.551628,195.6,05.1158,1.06271,05.4304
2026-07-09T08:52:04.556853,196.6,05.1142,1.07561,05.4963
2026-07-09T08:52:05.557353,197.6,05.1091,1.06975,05.4557
2026-07-09T08:52:06.562300,198.6,05.1186,0.98690,05.0430
2026-07-09T08:52:07.563815,199.6,05.1144,0.95618,04.8860
2026-07-09T08:52:08.568904,200.7,05.1111,1.17403,05.9992
2026-07-09T08:52:09.573923,201.7,05.1045,1.84971,09.4335
2026-07-09T08:52:10.579143,202.7,05.1050,1.10485,05.6347
2026-07-09T08:52:11.584163,203.7,05.0989,1.09751,05.5863
2026-07-09T08:52:12.589073,204.7,05.1117,1.06697,05.4522
2026-07-09T08:52:13.591460,205.7,05.1144,1.07830,05.5101
2026-07-09T08:52:14.596528,206.7,05.1081,1.89101,09.6441
2026-07-09T08:52:15.601471,207.7,05.1056,1.92341,09.8093
2026-07-09T08:52:16.606669,208.7,05.1080,1.82886,09.3271
2026-07-09T08:52:17.611571,209.7,05.1180,1.81654,09.2825
2026-07-09T08:52:18.616659,210.7,05.1048,1.04963,05.3531
2026-07-09T08:52:19.616918,211.7,05.1094,1.01061,05.1541
2026-07-09T08:52:20.621955,212.7,05.1167,1.74172,08.9001
2026-07-09T08:52:21.625585,213.7,05.0945,1.71725,08.7408
2026-07-09T08:52:22.630620,214.7,05.1139,1.60177,08.1850
2026-07-09T08:52:23.634058,215.7,05.1006,1.68272,08.5818
2026-07-09T08:52:24.635369,216.7,05.1044,1.74319,08.8902
2026-07-09T08:52:25.640425,217.7,05.1131,1.88165,09.6152
2026-07-09T08:52:26.641115,218.7,05.1191,1.85392,09.4735
2026-07-09T08:52:27.646041,219.7,05.1167,1.81348,09.2668
2026-07-09T08:52:28.648389,220.7,05.1042,1.81867,09.2752
2026-07-09T08:52:29.652307,221.7,05.1067,1.80717,09.2165
2026-07-09T08:52:30.657243,222.7,05.1090,1.77361,09.0454
2026-07-09T08:52:31.662388,223.7,05.1097,1.78934,09.1256
2026-07-09T08:52:32.667508,224.8,05.1137,1.81625,09.2810
2026-07-09T08:52:33.672439,225.8,05.1031,1.75927,08.9722
2026-07-09T08:52:34.679553,226.8,05.1122,1.84913,09.4490
2026-07-09T08:52:35.678886,227.8,05.0986,1.87376,09.5374
2026-07-09T08:52:36.683876,228.8,05.1051,1.60456,08.1832
2026-07-09T08:52:37.688557,229.8,05.1123,1.82476,09.3245
2026-07-09T08:52:38.692454,230.8,05.1087,1.78331,09.0948
2026-07-09T08:52:39.692896,231.8,05.1055,1.79384,09.1485
2026-07-09T08:52:40.697932,232.8,05.1073,1.75513,08.9511
2026-07-09T08:52:41.702949,233.8,05.1073,1.66469,08.4899
2026-07-09T08:52:42.705414,234.8,05.1133,1.78000,09.0958
2026-07-09T08:52:43.709109,235.8,05.1031,1.76533,09.0031
2026-07-09T08:52:44.715005,236.8,05.1072,1.75468,08.9488
2026-07-09T08:52:45.716750,237.8,05.1128,1.75118,08.9485
2026-07-09T08:52:46.717154,238.8,05.1162,1.75005,08.9427
2026-07-09T08:52:47.717958,239.8,05.0987,1.73232,08.8175
2026-07-09T08:52:48.720101,240.8,05.1094,1.64223,08.3753
2026-07-09T08:52:49.723238,241.8,05.1003,1.71756,08.7595
2026-07-09T08:52:50.728212,242.8,05.1161,1.74393,08.9114
2026-07-09T08:52:51.733375,243.8,05.1067,1.63635,08.3453
2026-07-09T08:52:52.734651,244.8,05.1080,1.81553,09.2592
2026-07-09T08:52:53.738713,245.8,05.0972,1.57855,08.0348
2026-07-09T08:52:54.739388,246.8,05.0976,1.64361,08.3659
2026-07-09T08:52:55.741798,247.8,05.1145,1.68425,08.6065
2026-07-09T08:52:56.745266,248.8,05.1080,1.88609,09.6190
2026-07-09T08:52:57.750385,249.8,05.1069,1.74738,08.9116
2026-07-09T08:52:58.755215,250.8,05.1070,1.73608,08.8540
2026-07-09T08:52:59.757754,251.8,05.1095,1.54771,07.8933
2026-07-09T08:53:00.762545,252.8,05.1041,1.78414,09.0991
2026-07-09T08:53:01.763609,253.8,05.1050,1.62431,08.2839
2026-07-09T08:53:02.768222,254.9,05.1078,1.58941,08.1059
2026-07-09T08:53:03.772075,255.9,05.1131,1.54891,07.9149
2026-07-09T08:53:04.777291,256.9,05.1005,1.69381,08.6384
2026-07-09T08:53:05.780509,257.9,05.1198,1.52551,07.7953
2026-07-09T08:53:06.785846,258.9,05.1039,1.49127,07.6054
2026-07-09T08:53:07.788808,259.9,05.1145,1.65444,08.4541
2026-07-09T08:53:08.789246,260.9,05.1117,1.59568,08.1539
2026-07-09T08:53:09.794508,261.9,05.0995,1.64626,08.3794
2026-07-09T08:53:10.799072,262.9,05.0936,1.53886,07.8327
2026-07-09T08:53:11.803952,263.9,05.1019,1.83940,09.3809
2026-07-09T08:53:12.806946,264.9,05.0995,1.59223,08.1044
2026-07-09T08:53:13.809279,265.9,05.1067,1.82586,09.3118
2026-07-09T08:53:14.814410,266.9,05.0991,1.74031,08.8581
2026-07-09T08:53:15.819379,267.9,05.1087,1.58115,08.0638
2026-07-09T08:53:16.824554,268.9,05.0989,1.88773,09.6085
2026-07-09T08:53:17.826196,269.9,05.1009,1.78954,09.1266
2026-07-09T08:53:18.830486,270.9,05.1123,1.82916,09.3470
2026-07-09T08:53:19.835479,271.9,05.1055,1.77367,09.0457
2026-07-09T08:53:20.840428,272.9,05.1123,1.61827,08.2693
2026-07-09T08:53:21.845692,273.9,05.1170,1.51747,07.7542
2026-07-09T08:53:22.850393,274.9,05.1153,1.55012,07.9211
2026-07-09T08:53:23.854673,275.9,05.1170,1.86792,09.5450
2026-07-09T08:53:24.855368,276.9,05.1051,1.63123,08.3192
2026-07-09T08:53:25.858775,277.9,05.1072,1.68570,08.5970
2026-07-09T08:53:26.863798,278.9,05.0997,1.91313,09.7378
2026-07-09T08:53:27.868826,280.0,05.1009,1.57327,08.0236
2026-07-09T08:53:28.869262,281.0,05.1089,1.77246,09.0395
2026-07-09T08:53:29.876803,282.0,05.0930,1.84822,09.4074
2026-07-09T08:53:30.878816,283.0,05.1089,1.57676,08.0414
2026-07-09T08:53:31.883481,284.0,05.1047,1.54023,07.8551
2026-07-09T08:53:32.887637,285.0,05.1012,1.79859,09.1728
2026-07-09T08:53:33.889145,286.0,05.1109,1.79359,09.1652
2026-07-09T08:53:34.894149,287.0,05.1120,1.82232,09.3120
2026-07-09T08:53:35.894784,288.0,05.1076,1.74026,08.8753
2026-07-09T08:53:36.897441,289.0,05.0923,1.57052,07.9939
2026-07-09T08:53:37.897650,290.0,05.1128,1.64884,08.4255
2026-07-09T08:53:38.897809,291.0,05.1136,1.65305,08.4470
2026-07-09T08:53:39.903095,292.0,05.1019,1.72968,08.8213
2026-07-09T08:53:40.907999,293.0,05.1131,1.80664,09.2319
2026-07-09T08:53:41.912934,294.0,05.1069,1.69192,08.6287
2026-07-09T08:53:42.918205,295.0,05.0976,1.56485,07.9650
2026-07-09T08:53:43.923097,296.0,05.1097,1.54963,07.9031
2026-07-09T08:53:44.928664,297.0,05.1109,1.57353,08.0407
2026-07-09T08:53:45.929701,298.0,05.1073,1.63978,08.3628
2026-07-09T08:53:46.932704,299.0,05.1170,1.67440,08.5561
2026-07-09T08:53:47.934415,300.0,05.1123,1.68501,08.6104
2026-07-09T08:53:48.937813,301.0,05.1119,1.63934,08.3770
2026-07-09T08:53:49.938947,302.0,05.1098,1.62676,08.2964
2026-07-09T08:53:50.943670,303.0,05.1011,1.73974,08.8726
2026-07-09T08:53:51.950277,304.0,05.1092,1.59277,08.1231
2026-07-09T08:53:52.951652,305.0,05.1062,1.73180,08.8321
2026-07-09T08:53:53.956635,306.0,05.1125,1.50988,07.7154
2026-07-09T08:53:54.961633,307.0,05.1036,1.74076,08.8778
2026-07-09T08:53:55.966705,308.1,05.1014,1.79376,09.1481
2026-07-09T08:53:56.967530,309.1,05.0953,1.57545,08.0190
2026-07-09T08:53:57.970776,310.1,05.1097,1.58128,08.0645
2026-07-09T08:53:58.975525,311.1,05.1025,1.76002,08.9761
2026-07-09T08:53:59.976198,312.1,05.1033,1.87069,09.5405
2026-07-09T08:54:00.979504,313.1,05.1223,1.56248,07.9998
2026-07-09T08:54:01.980012,314.1,05.1151,1.81309,09.2648
2026-07-09T08:54:02.984257,315.1,05.1056,1.59466,08.1327
2026-07-09T08:54:03.988579,316.1,05.1098,1.90198,09.7000
2026-07-09T08:54:04.989353,317.1,05.1048,1.57144,08.0143
2026-07-09T08:54:05.994733,318.1,05.1098,1.72895,08.8176
2026-07-09T08:54:06.999803,319.1,05.1083,1.59830,08.1513
2026-07-09T08:54:08.004717,320.1,05.0991,1.12365,05.7193
2026-07-09T08:54:09.009759,321.1,05.1155,1.09805,05.6110
2026-07-09T08:54:10.010307,322.1,05.1045,1.08047,05.5103
2026-07-09T08:54:11.014902,323.1,05.1001,1.10429,05.6318
2026-07-09T08:54:12.018853,324.1,05.1019,1.82689,09.3171
2026-07-09T08:54:13.022041,325.1,05.1033,1.72432,08.7940
2026-07-09T08:54:14.022389,326.1,05.1069,1.77406,09.0477
2026-07-09T08:54:15.026177,327.1,05.1114,1.07330,05.4845
2026-07-09T08:54:16.027332,328.1,05.1017,1.09477,05.5833
2026-07-09T08:54:17.028977,329.1,05.1128,1.10216,05.6320
2026-07-09T08:54:18.030118,330.1,05.1147,1.07925,05.5149
2026-07-09T08:54:19.034008,331.1,05.1072,1.76712,09.0123
2026-07-09T08:54:20.035094,332.1,05.1058,1.86202,09.4963
2026-07-09T08:54:21.035548,333.1,05.1067,1.48296,07.5630
2026-07-09T08:54:22.038646,334.1,05.1047,1.07649,05.4900
2026-07-09T08:54:23.043570,335.1,05.1011,1.11576,05.6903
2026-07-09T08:54:24.048592,336.1,05.1062,1.09724,05.5959
2026-07-09T08:54:25.052853,337.1,05.1078,1.06710,05.4422
2026-07-09T08:54:26.058099,338.1,05.1103,1.65578,08.4610
2026-07-09T08:54:27.059993,339.1,05.1166,1.89516,09.6842
2026-07-09T08:54:28.064995,340.2,05.1202,1.12022,05.7355
2026-07-09T08:54:29.067324,341.2,05.1086,1.07929,05.5043
2026-07-09T08:54:30.068827,342.2,05.1030,1.07705,05.4929
2026-07-09T08:54:31.073528,343.2,05.1064,1.81467,09.2548
2026-07-09T08:54:32.074141,344.2,05.1087,1.62552,08.2901
2026-07-09T08:54:33.079230,345.2,05.1087,1.83562,09.3616
2026-07-09T08:54:34.079449,346.2,05.0916,1.71544,08.7315
2026-07-09T08:54:35.084272,347.2,05.1026,1.68182,08.5772
2026-07-09T08:54:36.084373,348.2,05.1068,1.91636,09.7734
2026-07-09T08:54:37.089387,349.2,05.1023,1.73322,08.8394
2026-07-09T08:54:38.090573,350.2,05.1047,1.80192,09.1897
2026-07-09T08:54:39.091128,351.2,05.1148,1.67446,08.5564
2026-07-09T08:54:40.094102,352.2,05.1061,1.89369,09.6578
2026-07-09T08:54:41.098322,353.2,05.1042,1.73036,08.8248
2026-07-09T08:54:42.103041,354.2,05.1036,1.81639,09.2635
2026-07-09T08:54:43.106884,355.2,05.1094,1.70147,08.6774
2026-07-09T08:54:44.107482,356.2,05.1041,1.44100,07.3491
2026-07-09T08:54:45.111731,357.2,05.1116,1.13680,05.8090
2026-07-09T08:54:46.113708,358.2,05.1130,1.03404,05.2839
2026-07-09T08:54:47.116085,359.2,05.1059,1.13420,05.7844
2026-07-09T08:54:48.116343,360.2,05.1122,1.05378,05.3848
2026-07-09T08:54:49.117180,361.2,05.1100,1.07167,05.4762
2026-07-09T08:54:50.120704,362.2,05.1117,1.06570,05.4457
2026-07-09T08:54:51.122352,363.2,05.1131,1.04896,05.3601
2026-07-09T08:54:52.126923,364.2,05.1068,1.03706,05.2890
2026-07-09T08:54:53.132098,365.2,05.1074,1.10588,05.6399
2026-07-09T08:54:54.135662,366.2,05.1076,1.67721,08.5537
2026-07-09T08:54:55.139115,367.2,05.1031,1.69735,08.6564
2026-07-09T08:54:56.143932,368.2,05.1151,1.83048,09.3537
2026-07-09T08:54:57.148237,369.2,05.1017,1.75579,08.9545
2026-07-09T08:54:58.152719,370.2,05.1128,1.78813,09.1373
2026-07-09T08:54:59.153920,371.2,05.1164,1.77274,09.0587
2026-07-09T08:55:00.156873,372.2,05.1051,1.80433,09.2020
2026-07-09T08:55:01.169129,373.2,05.1119,1.89306,09.6735
2026-07-09T08:55:02.165320,374.2,05.1042,1.67639,08.5495
2026-07-09T08:55:03.168018,375.3,05.0964,1.85316,09.4325
2026-07-09T08:55:04.173033,376.3,05.1231,1.72100,08.8115
2026-07-09T08:55:05.182752,377.3,05.1008,1.72660,08.8056
2026-07-09T08:55:06.187949,378.3,05.1155,1.88558,09.6353
2026-07-09T08:55:07.185695,379.3,05.1072,1.80867,09.2242
2026-07-09T08:55:08.189123,380.3,05.1130,1.66207,08.4931
2026-07-09T08:55:09.198971,381.3,05.1017,1.74287,08.8886
2026-07-09T08:55:10.196159,382.3,05.1112,1.68869,08.6292
2026-07-09T08:55:11.202111,383.3,05.1055,1.74581,08.9036
2026-07-09T08:55:12.201777,384.3,05.0966,1.89673,09.6543
2026-07-09T08:55:13.209281,385.3,05.0966,1.74735,08.8940
2026-07-09T08:55:14.208120,386.3,05.0945,1.73912,08.8521
2026-07-09T08:55:15.208845,387.3,05.1091,1.71534,08.7482
2026-07-09T08:55:16.213958,388.3,05.1202,1.74853,08.9524
2026-07-09T08:55:17.216771,389.3,05.1126,1.72083,08.7934
2026-07-09T08:55:18.222604,390.3,05.1045,1.78267,09.0916
2026-07-09T08:55:19.223633,391.3,05.1056,1.84283,09.3984
2026-07-09T08:55:20.224881,392.3,05.1038,1.81442,09.2535
2026-07-09T08:55:21.227384,393.3,05.1073,1.12860,05.7558
2026-07-09T08:55:22.232432,394.3,05.1117,1.67457,08.5570
2026-07-09T08:55:23.235085,395.3,05.1025,1.74907,08.9202
2026-07-09T08:55:24.237349,396.3,05.1061,1.52283,07.7664
2026-07-09T08:55:25.237435,397.3,05.1047,1.81936,09.2787
2026-07-09T08:55:26.238792,398.3,05.1084,1.72011,08.7725
2026-07-09T08:55:27.246132,399.3,05.0994,1.62573,08.2749
2026-07-09T08:55:28.250419,400.3,05.1009,1.53396,07.8231
2026-07-09T08:55:29.252798,401.3,05.1119,1.18499,06.0552
2026-07-09T08:55:30.257618,402.3,05.1026,1.10328,05.6267
2026-07-09T08:55:31.259204,403.3,05.1078,1.93885,09.8881
2026-07-09T08:55:32.262746,404.3,05.1053,1.70559,08.6985
2026-07-09T08:55:33.264451,405.3,05.1131,1.80673,09.2323
2026-07-09T08:55:34.267732,406.4,05.1120,1.08840,05.5617
2026-07-09T08:55:35.268353,407.4,05.1092,1.04123,05.3102
2026-07-09T08:55:36.274474,408.4,05.1142,1.08982,05.5689
2026-07-09T08:55:37.277702,409.4,05.0986,1.77335,09.0263
2026-07-09T08:55:38.288854,410.4,05.1056,1.82543,09.3096
2026-07-09T08:55:39.288409,411.4,05.1083,1.65358,08.4332
2026-07-09T08:55:40.292865,412.4,05.1108,1.08935,05.5665
2026-07-09T08:55:41.298255,413.4,05.1117,1.01652,05.1944
2026-07-09T08:55:42.302273,414.4,05.1102,1.10193,05.6308
2026-07-09T08:55:43.302820,415.4,05.1030,1.12316,05.7281
2026-07-09T08:55:44.305580,416.4,05.1016,1.74898,08.9197
2026-07-09T08:55:45.309912,417.4,05.1220,1.74856,08.9526
2026-07-09T08:55:46.317844,418.4,05.0936,1.08413,05.5182
2026-07-09T08:55:47.317741,419.4,05.1055,1.10688,05.6450
2026-07-09T08:55:48.318113,420.4,05.1123,1.03831,05.3057
2026-07-09T08:55:49.322911,421.4,05.1056,1.02987,05.2523
2026-07-09T08:55:50.326564,422.4,05.1056,1.05965,05.4042
2026-07-09T08:55:51.331721,423.4,05.1056,1.03369,05.2718
2026-07-09T08:55:52.333433,424.4,05.1139,0.97536,04.9840
2026-07-09T08:55:53.334008,425.4,05.1145,1.06589,05.4466
2026-07-09T08:55:54.337859,426.4,05.1166,1.03414,05.2844
2026-07-09T08:55:55.342630,427.4,05.1098,1.00363,05.1185
2026-07-09T08:55:56.342194,428.4,05.1169,1.02751,05.2505
2026-07-09T08:55:57.347174,429.4,05.1103,0.91071,04.6537
2026-07-09T08:55:58.350136,430.4,05.1180,1.00612,05.1412
2026-07-09T08:55:59.350389,431.4,05.1097,1.04169,05.3126
2026-07-09T08:56:00.356639,432.4,05.1131,1.58356,08.0919
2026-07-09T08:56:01.358445,433.4,05.1070,1.06795,05.4465
2026-07-09T08:56:02.362662,434.4,05.1169,1.03531,05.2904
2026-07-09T08:56:03.365038,435.5,05.0986,0.98888,05.0333
2026-07-09T08:56:04.367260,436.5,05.1085,1.06392,05.4259
2026-07-09T08:56:05.368328,437.5,05.1123,1.35363,06.9170
2026-07-09T08:56:06.374148,438.5,05.1020,1.76686,09.0109
2026-07-09T08:56:07.375171,439.5,05.1105,1.76892,09.0391
2026-07-09T08:56:08.378094,440.5,05.1181,1.33178,06.8053
2026-07-09T08:56:09.380150,441.5,05.1087,0.95780,04.8847
2026-07-09T08:56:10.383979,442.5,05.1206,1.10911,05.6786
2026-07-09T08:56:11.387626,443.5,05.1164,1.08342,05.5362
2026-07-09T08:56:12.392223,444.5,05.1019,1.10158,05.6180
2026-07-09T08:56:13.397222,445.5,05.1130,0.98941,05.0558
2026-07-09T08:56:14.397652,446.5,05.1073,1.73782,08.8628
2026-07-09T08:56:15.402972,447.5,05.1098,1.89998,09.6898
2026-07-09T08:56:16.407541,448.5,05.1075,1.84528,09.4109
2026-07-09T08:56:17.409432,449.5,05.1041,1.91422,09.7625
2026-07-09T08:56:18.414335,450.5,05.1114,1.80247,09.2106
2026-07-09T08:56:19.415241,451.5,05.0953,1.77216,09.0202
2026-07-09T08:56:20.419595,452.5,05.1098,1.13483,05.7876
2026-07-09T08:56:21.422703,453.5,05.1019,1.77173,09.0358
2026-07-09T08:56:22.422406,454.5,05.1034,1.80850,09.2233
2026-07-09T08:56:23.426925,455.5,05.1005,1.81928,09.2783
2026-07-09T08:56:24.431289,456.5,05.1173,1.87899,09.6016
2026-07-09T08:56:25.433515,457.5,05.1009,1.71791,08.7613
2026-07-09T08:56:26.433614,458.5,05.1051,1.05017,05.3558
2026-07-09T08:56:27.436507,459.5,05.1078,1.07399,05.4773
2026-07-09T08:56:28.437444,460.5,05.1023,1.12716,05.7485
2026-07-09T08:56:29.446263,461.5,05.1170,1.03477,05.2876
2026-07-09T08:56:30.445069,462.5,05.0933,1.74035,08.8583
2026-07-09T08:56:31.445384,463.5,05.1050,1.91311,09.7568
2026-07-09T08:56:32.449660,464.5,05.1012,1.86604,09.5168
2026-07-09T08:56:33.452987,465.5,05.0942,1.92757,09.8113
2026-07-09T08:56:34.453348,466.5,05.0998,1.88028,09.5706
2026-07-09T08:56:35.455509,467.5,05.1120,1.74221,08.9026
2026-07-09T08:56:36.459575,468.5,05.1103,1.79105,09.1522
2026-07-09T08:56:37.459947,469.5,05.1012,1.73224,08.8344
2026-07-09T08:56:38.465125,470.6,05.1092,1.67485,08.5417
2026-07-09T08:56:39.466241,471.6,05.1062,1.81206,09.2415
2026-07-09T08:56:40.467128,472.6,05.1072,1.62459,08.2854
2026-07-09T08:56:41.472017,473.6,05.1001,1.76378,08.9952
2026-07-09T08:56:42.475921,474.6,05.1017,1.83555,09.3613
2026-07-09T08:56:43.477622,475.6,05.1111,1.69573,08.6651
2026-07-09T08:56:44.477533,476.6,05.1153,1.48120,07.5689
2026-07-09T08:56:45.481763,477.6,05.1080,1.85349,09.4527
2026-07-09T08:56:46.484436,478.6,05.1062,1.68412,08.5890
2026-07-09T08:56:47.486620,479.6,05.1090,1.72915,08.8186
2026-07-09T08:56:48.487712,480.6,05.1136,1.56006,07.9719
2026-07-09T08:56:49.492598,481.6,05.1047,1.73561,08.8516
2026-07-09T08:56:50.492835,482.6,05.0961,1.48155,07.5410
2026-07-09T08:56:51.493075,483.6,05.1086,1.80387,09.1997
2026-07-09T08:56:52.497899,484.6,05.1081,1.74184,08.8833
2026-07-09T08:56:53.502704,485.6,05.1078,1.74565,08.9028
2026-07-09T08:56:54.503012,486.6,05.1008,1.83475,09.3572
2026-07-09T08:56:55.504583,487.6,05.1106,1.58619,08.1054
2026-07-09T08:56:56.509837,488.6,05.1181,1.78995,09.1466
2026-07-09T08:56:57.510853,489.6,05.1087,1.52808,07.7932
2026-07-09T08:56:58.512621,490.6,05.1014,1.75315,08.9410
2026-07-09T08:56:59.517609,491.6,05.1069,1.55261,07.9183
2026-07-09T08:57:00.520743,492.6,05.1009,1.62504,08.2877
2026-07-09T08:57:01.521105,493.6,05.1155,1.62969,08.3277
2026-07-09T08:57:02.522060,494.6,05.1128,1.56705,08.0076
2026-07-09T08:57:03.526881,495.6,05.1066,1.84034,09.3857
2026-07-09T08:57:04.528724,496.6,05.1147,1.61994,08.2778
2026-07-09T08:57:05.533718,497.6,05.1134,1.69720,08.6726
2026-07-09T08:57:06.536861,498.6,05.1098,1.55414,07.9261
2026-07-09T08:57:07.541215,499.6,05.1014,1.78045,09.0802
2026-07-09T08:57:08.546288,500.6,05.1158,1.51166,07.7245
2026-07-09T08:57:09.545758,501.6,05.1067,1.53567,07.8319
2026-07-09T08:57:10.549512,502.6,05.1106,1.81346,09.2667
2026-07-09T08:57:11.556356,503.6,05.1072,1.85750,09.4732
2026-07-09T08:57:12.555109,504.6,05.1119,1.62277,08.2923
2026-07-09T08:57:13.556475,505.6,05.1126,1.78534,09.1230
2026-07-09T08:57:14.561337,506.6,05.1023,1.63330,08.3298
2026-07-09T08:57:15.564782,507.7,05.1064,1.70685,08.7049
2026-07-09T08:57:16.569087,508.7,05.1097,1.67023,08.5181
2026-07-09T08:57:17.573125,509.7,05.1247,1.61012,08.2438
2026-07-09T08:57:18.579693,510.7,05.1117,1.79731,09.1842
2026-07-09T08:57:19.579171,511.7,05.1030,1.68170,08.5766
2026-07-09T08:57:20.581107,512.7,05.1102,1.98694,10.1532
2026-07-09T08:57:21.581820,513.7,05.1075,1.73383,08.8425
2026-07-09T08:57:22.586925,514.7,05.1016,1.83300,09.3483
2026-07-09T08:57:23.586894,515.7,05.1105,1.62468,08.3021
2026-07-09T08:57:24.591951,516.7,05.1100,1.64467,08.4042
2026-07-09T08:57:25.595591,517.7,05.1175,1.57905,08.0689
2026-07-09T08:57:26.595496,518.7,05.1178,1.62826,08.3204
2026-07-09T08:57:27.600742,519.7,05.1078,1.75580,08.9545
2026-07-09T08:57:28.604213,520.7,05.0917,1.81123,09.2191
2026-07-09T08:57:29.607593,521.7,05.1008,1.79192,09.1387
2026-07-09T08:57:30.610725,522.7,05.1025,1.73657,08.8565
2026-07-09T08:57:31.614183,523.7,05.1203,1.71653,08.7886
2026-07-09T08:57:32.616019,524.7,05.1034,1.54021,07.8550
2026-07-09T08:57:33.619189,525.7,05.1050,1.67373,08.5360
2026-07-09T08:57:34.619750,526.7,05.1095,1.45824,07.4370
2026-07-09T08:57:35.624950,527.7,05.1037,1.73430,08.8449
2026-07-09T08:57:36.628987,528.7,05.0962,1.82509,09.2897
2026-07-09T08:57:37.629159,529.7,05.1042,1.56937,08.0037
2026-07-09T08:57:38.635186,530.7,05.0992,1.80402,09.1824
2026-07-09T08:57:39.643087,531.7,05.1075,1.86998,09.5368
2026-07-09T08:57:40.644286,532.7,05.1056,1.54344,07.8715
2026-07-09T08:57:41.646073,533.7,05.1097,1.72698,08.8075
2026-07-09T08:57:42.649195,534.7,05.1061,1.45931,07.4424
2026-07-09T08:57:43.650123,535.7,05.1025,1.67133,08.5237
2026-07-09T08:57:44.650729,536.7,05.1034,1.62075,08.2658
2026-07-09T08:57:45.655450,537.7,05.1061,1.65177,08.4240
2026-07-09T08:57:46.658289,538.7,05.1111,1.57727,08.0598
2026-07-09T08:57:47.662757,539.8,05.1095,1.73462,08.8465
2026-07-09T08:57:48.667642,540.8,05.1134,1.39148,07.1104
2026-07-09T08:57:49.672661,541.8,05.0978,1.79041,09.1131
2026-07-09T08:57:50.677661,542.8,05.0966,1.49957,07.6328
2026-07-09T08:57:51.682858,543.8,05.1037,1.62456,08.2852
2026-07-09T08:57:52.686264,544.8,05.1131,1.52730,07.8045
2026-07-09T08:57:53.691341,545.8,05.1081,1.50198,07.6600
2026-07-09T08:57:54.692615,546.8,05.1030,1.63546,08.3408
2026-07-09T08:57:55.692512,547.8,05.1130,1.52039,07.7691
2026-07-09T08:57:56.696160,548.8,05.1042,1.56393,07.9760
2026-07-09T08:57:57.698330,549.8,05.1184,1.80228,09.2096
2026-07-09T08:57:58.698258,550.8,05.1112,1.76728,09.0308
2026-07-09T08:57:59.700501,551.8,05.0920,1.55409,07.9103
2026-07-09T08:58:00.706219,552.8,05.1095,1.47477,07.5213
2026-07-09T08:58:01.706722,553.8,05.1083,1.85580,09.4645
2026-07-09T08:58:02.710197,554.8,05.1050,1.48546,07.5758
2026-07-09T08:58:03.712501,555.8,05.0994,1.79842,09.1539
2026-07-09T08:58:04.714445,556.8,05.1080,1.42443,07.2645
2026-07-09T08:58:05.714349,557.8,05.1103,1.75406,08.9632
2026-07-09T08:58:06.715025,558.8,05.1156,1.69682,08.6707
2026-07-09T08:58:07.715700,559.8,05.1062,1.43669,07.3271
2026-07-09T08:58:08.720729,560.8,05.1122,1.86016,09.5054
2026-07-09T08:58:09.722415,561.8,05.1074,1.56959,08.0049
2026-07-09T08:58:10.725403,562.8,05.1159,1.55609,07.9516
2026-07-09T08:58:11.730657,563.8,05.1030,1.55757,07.9436
2026-07-09T08:58:12.735571,564.8,05.1056,1.78000,09.0780
2026-07-09T08:58:13.739805,565.8,05.1128,1.58600,08.1044
2026-07-09T08:58:14.740333,566.8,05.1025,1.67296,08.5320
2026-07-09T08:58:15.742780,567.8,05.1025,1.49985,07.6492
2026-07-09T08:58:16.745373,568.8,05.1122,1.67770,08.5730
2026-07-09T08:58:17.746139,569.8,05.1036,1.56350,07.9738
2026-07-09T08:58:18.756392,570.8,05.1047,1.94502,09.9196
2026-07-09T08:58:19.755045,571.8,05.1072,1.84560,09.4125
2026-07-09T08:58:20.757707,572.8,05.0967,1.57107,07.9967
2026-07-09T08:58:21.759252,573.8,05.1101,1.68399,08.6051
2026-07-09T08:58:22.761732,574.8,05.1159,1.91531,09.7872
2026-07-09T08:58:23.763303,575.9,05.1075,1.67604,08.5478
2026-07-09T08:58:24.765901,576.9,05.1061,1.59367,08.1277
2026-07-09T08:58:25.771666,577.9,05.1153,1.72061,08.7923
2026-07-09T08:58:26.775721,578.9,05.1086,1.87898,09.5827
2026-07-09T08:58:27.778756,579.9,05.1072,1.56878,08.0007
2026-07-09T08:58:28.780059,580.9,05.1006,1.77943,09.0750
2026-07-09T08:58:29.783804,581.9,05.0998,1.44372,07.3485
2026-07-09T08:58:30.788607,582.9,05.1016,1.48572,07.5771
2026-07-09T08:58:31.793542,583.9,05.0970,1.84908,09.4118
2026-07-09T08:58:32.798384,584.9,05.1156,1.45045,07.4117
2026-07-09T08:58:33.802493,585.9,05.0917,1.65159,08.4065
2026-07-09T08:58:34.807442,586.9,05.0964,1.64153,08.3553
2026-07-09T08:58:35.812384,587.9,05.1095,1.57703,08.0428
2026-07-09T08:58:36.813551,588.9,05.0983,1.71196,08.7138
2026-07-09T08:58:37.815481,589.9,05.1076,1.66637,08.4984
2026-07-09T08:58:38.820410,590.9,05.1078,1.72688,08.8070
2026-07-09T08:58:39.823673,591.9,05.1028,1.54591,07.8841
2026-07-09T08:58:40.825030,592.9,05.1130,1.47795,07.5523
2026-07-09T08:58:41.827117,593.9,05.1106,1.66969,08.5321
2026-07-09T08:58:42.829595,594.9,05.1073,1.70835,08.7125
2026-07-09T08:58:43.832888,595.9,05.0926,1.52138,07.7438
2026-07-09T08:58:44.839952,596.9,05.1009,1.58230,08.0697
2026-07-09T08:58:45.843322,597.9,05.1056,1.63560,08.3415
2026-07-09T08:58:46.848144,598.9,05.1048,1.53332,07.8199
2026-07-09T08:58:47.850123,599.9,05.0995,1.65394,08.4185
2026-07-09T08:58:48.853698,600.9,05.1028,1.71093,08.7257
2026-07-09T08:58:49.854368,601.9,05.1062,1.53553,07.8312
2026-07-09T08:58:50.855428,602.9,05.1070,1.59739,08.1466
2026-07-09T08:58:51.857851,603.9,05.1089,1.66104,08.4713
2026-07-09T08:58:52.859631,604.9,05.1041,1.79373,09.1480
2026-07-09T08:58:53.864707,606.0,05.1042,1.64474,08.3881
2026-07-09T08:58:54.867056,607.0,05.0983,1.77675,09.0436
2026-07-09T08:58:55.871601,608.0,05.1114,1.67309,08.5494
2026-07-09T08:58:56.875588,609.0,05.1045,1.50189,07.6596
2026-07-09T08:58:57.877666,610.0,05.1005,1.82347,09.2996
2026-07-09T08:58:58.881936,611.0,05.1053,1.61796,08.2515
2026-07-09T08:58:59.886239,612.0,05.1078,1.54040,07.8560
2026-07-09T08:59:00.891087,613.0,05.0941,1.69691,08.6372
2026-07-09T08:59:01.895252,614.0,05.1195,1.51565,07.7449
2026-07-09T08:59:02.900129,615.0,05.1022,1.55105,07.9103
2026-07-09T08:59:03.904975,616.0,05.1105,1.56596,08.0020
2026-07-09T08:59:04.909981,617.0,05.1047,1.85027,09.4363
2026-07-09T08:59:05.916786,618.0,05.1055,1.74774,08.9134
2026-07-09T08:59:06.918435,619.0,05.1072,1.51374,07.7200
2026-07-09T08:59:07.919463,620.0,05.1192,1.70324,08.7035
2026-07-09T08:59:08.923663,621.0,05.1020,1.49290,07.6137
2026-07-09T08:59:09.928538,622.0,05.0989,1.67480,08.5247
2026-07-09T08:59:10.929543,623.0,05.1036,1.57698,08.0425
2026-07-09T08:59:11.933739,624.0,05.1183,1.78458,09.1192
2026-07-09T08:59:12.938748,625.0,05.1061,1.48008,07.5484
2026-07-09T08:59:13.943356,626.0,05.1075,1.60607,08.1909
2026-07-09T08:59:14.948892,627.0,05.1009,1.59880,08.1538
2026-07-09T08:59:15.949910,628.0,05.1041,1.80811,09.2213
2026-07-09T08:59:16.954096,629.0,05.1008,1.80780,09.2197
2026-07-09T08:59:17.955580,630.0,05.1061,1.84173,09.3928
2026-07-09T08:59:18.958005,631.0,05.1058,1.62728,08.2991
2026-07-09T08:59:19.963341,632.1,05.1028,1.77289,09.0417
2026-07-09T08:59:20.968027,633.1,05.1153,1.47892,07.5572
2026-07-09T08:59:21.973241,634.1,05.1048,1.58262,08.0713
2026-07-09T08:59:22.974971,635.1,05.1089,1.49971,07.6485
2026-07-09T08:59:23.979427,636.1,05.1053,1.70363,08.6885
2026-07-09T08:59:24.983068,637.1,05.1114,1.69901,08.6819
2026-07-09T08:59:25.986319,638.1,05.0964,2.01757,10.2694
2026-07-09T08:59:26.989236,639.1,05.1062,1.70835,08.7125
2026-07-09T08:59:27.993886,640.1,05.1111,1.53413,07.8394
2026-07-09T08:59:29.003462,641.1,05.1177,1.70055,08.6898
2026-07-09T08:59:30.001259,642.1,05.1044,1.51368,07.7197
2026-07-09T08:59:31.006361,643.1,05.1044,1.65464,08.4386
2026-07-09T08:59:32.017642,644.1,05.1017,1.65155,08.4229
2026-07-09T08:59:33.015674,645.1,05.1103,1.72435,08.8114
2026-07-09T08:59:34.017207,646.1,05.1144,1.46973,07.5103
2026-07-09T08:59:35.020258,647.1,05.1016,1.64668,08.3980
2026-07-09T08:59:36.025133,648.1,05.1047,1.53645,07.8358
2026-07-09T08:59:37.030482,649.1,05.1248,1.61364,08.2618
2026-07-09T08:59:38.033954,650.1,05.1061,1.82192,09.2917
2026-07-09T08:59:39.038889,651.1,05.1095,1.90050,09.6925
2026-07-09T08:59:40.040229,652.1,05.1133,1.45479,07.4339
2026-07-09T08:59:41.042184,653.1,05.1069,1.59618,08.1405
2026-07-09T08:59:42.046753,654.1,05.1055,1.13806,05.8041
2026-07-09T08:59:43.050589,655.1,05.0966,1.63598,08.3271
2026-07-09T08:59:44.052906,656.1,05.1036,1.83972,09.3825
2026-07-09T08:59:45.054965,657.1,05.1017,1.76144,08.9833
2026-07-09T08:59:46.057284,658.1,05.1019,1.78052,09.0806
2026-07-09T08:59:47.060730,659.1,05.1019,1.21040,06.1730
2026-07-09T08:59:48.063943,660.2,05.1101,1.81678,09.2837
2026-07-09T08:59:49.063611,661.2,05.1099,1.42144,07.2493
2026-07-09T08:59:50.070670,662.2,05.1094,1.11647,05.6939
2026-07-09T08:59:51.073559,663.2,05.1016,1.14405,05.8346
2026-07-09T08:59:52.079117,664.2,05.1158,1.17174,05.9875
2026-07-09T08:59:53.078914,665.2,05.1142,1.10702,05.6568
2026-07-09T08:59:54.080913,666.2,05.1150,1.12799,05.7640
2026-07-09T08:59:55.083142,667.2,05.1116,1.14771,05.8647
2026-07-09T08:59:56.084855,668.2,05.1023,1.87919,09.5838
2026-07-09T08:59:57.085198,669.2,05.0922,1.73951,08.8541
2026-07-09T08:59:58.086132,670.2,05.0987,1.85278,09.4306
2026-07-09T08:59:59.090779,671.2,05.1011,1.81700,09.2667
2026-07-09T09:00:00.094623,672.2,05.1055,1.89499,09.6644
2026-07-09T09:00:01.098345,673.2,05.0991,1.68433,08.5732
2026-07-09T09:00:02.103397,674.2,05.0942,1.60921,08.1908
2026-07-09T09:00:03.107500,675.2,05.0930,1.65763,08.4373
2026-07-09T09:00:04.110852,676.2,05.1033,1.69718,08.6556
2026-07-09T09:00:05.115602,677.2,05.1016,1.63196,08.3229
2026-07-09T09:00:06.121541,678.2,05.1019,1.75324,08.9415
2026-07-09T09:00:07.128005,679.2,05.1069,1.95515,09.9712
2026-07-09T09:00:08.129977,680.2,05.1112,1.64043,08.3825
2026-07-09T09:00:09.134611,681.2,05.1012,1.82809,09.3232
2026-07-09T09:00:10.134855,682.2,05.1123,1.67765,08.5727
2026-07-09T09:00:11.140525,683.2,05.1081,1.78023,09.0791
2026-07-09T09:00:12.145173,684.2,05.0992,1.74957,08.9053
2026-07-09T09:00:13.152337,685.2,05.1041,1.57347,08.0246
2026-07-09T09:00:14.153792,686.2,05.1059,1.66283,08.4804
2026-07-09T09:00:15.159502,687.2,05.1091,1.52853,07.7955
2026-07-09T09:00:16.160285,688.2,05.1145,1.64757,08.4190
2026-07-09T09:00:17.162895,689.3,05.0969,1.69835,08.6446
2026-07-09T09:00:18.165420,690.3,05.1011,1.72087,08.7764
2026-07-09T09:00:19.169049,691.3,05.1095,1.79233,09.1408
2026-07-09T09:00:20.173452,692.3,05.1125,1.56410,07.9925
2026-07-09T09:00:21.178600,693.3,05.1047,1.78001,09.0780
2026-07-09T09:00:22.184203,694.3,05.1205,1.51514,07.7575
2026-07-09T09:00:23.189958,695.3,05.0945,1.53292,07.8025
2026-07-09T09:00:24.192612,696.3,05.1066,1.59385,08.1286
2026-07-09T09:00:25.196851,697.3,05.1125,1.65502,08.4571
2026-07-09T09:00:26.199460,698.3,05.1108,1.80388,09.2178
2026-07-09T09:00:27.204827,699.3,05.1044,1.55642,07.9377
2026-07-09T09:00:28.210858,700.3,05.0980,1.67510,08.5262
2026-07-09T09:00:29.213494,701.3,05.1073,1.51782,07.7408
2026-07-09T09:00:30.217563,702.3,05.0984,1.63114,08.3025
2026-07-09T09:00:31.222748,703.3,05.0917,1.73656,08.8390
2026-07-09T09:00:32.227641,704.3,05.1058,1.80736,09.2175
2026-07-09T09:00:33.233057,705.3,05.1052,1.46143,07.4532
2026-07-09T09:00:34.233198,706.3,05.1037,1.61487,08.2358
2026-07-09T09:00:35.235349,707.3,05.1089,1.44938,07.3918
2026-07-09T09:00:36.237820,708.3,05.1095,1.69464,08.6426
2026-07-09T09:00:37.242332,709.3,05.0989,1.82321,09.2801
2026-07-09T09:00:38.244020,710.3,05.1067,1.60892,08.2054
2026-07-09T09:00:39.245676,711.3,05.1031,1.51121,07.7071
2026-07-09T09:00:40.248858,712.3,05.1103,1.78887,09.1411
2026-07-09T09:00:41.251199,713.3,05.0948,1.91078,09.7258
2026-07-09T09:00:42.256311,714.3,05.1167,1.52567,07.7961
2026-07-09T09:00:43.261017,715.3,05.1001,1.75282,08.9393
2026-07-09T09:00:44.260145,716.4,05.1040,1.59348,08.1267
2026-07-09T09:00:45.269055,717.4,05.1001,1.55916,07.9517
2026-07-09T09:00:46.266686,718.4,05.0920,1.61198,08.2049
2026-07-09T09:00:47.269112,719.4,05.0914,1.59784,08.1330
2026-07-09T09:00:48.273835,720.4,05.1139,1.54838,07.9122
2026-07-09T09:00:49.275351,721.4,05.1061,1.64135,08.3708
2026-07-09T09:00:50.280541,722.4,05.1167,1.64489,08.4053
2026-07-09T09:00:51.280603,723.4,05.1148,1.72808,08.8304
2026-07-09T09:00:52.283495,724.4,05.1045,1.68529,08.5949
2026-07-09T09:00:53.285041,725.4,05.1051,1.74768,08.9131
2026-07-09T09:00:54.285536,726.4,05.1141,1.55620,07.9521
2026-07-09T09:00:55.287057,727.4,05.1161,1.49683,07.6488
2026-07-09T09:00:56.291211,728.4,05.1092,1.64995,08.4147
2026-07-09T09:00:57.292763,729.4,05.1033,1.68048,08.5704
2026-07-09T09:00:58.297686,730.4,05.1064,1.70874,08.7145
2026-07-09T09:00:59.302466,731.4,05.1054,1.68914,08.6146
2026-07-09T09:01:00.306770,732.4,05.1161,1.67702,08.5695
2026-07-09T09:01:01.309010,733.4,05.0995,1.60288,08.1586
2026-07-09T09:01:02.308652,734.4,05.1050,1.56333,07.9729
2026-07-09T09:01:03.313431,735.4,05.1069,1.70485,08.6947
2026-07-09T09:01:04.313662,736.4,05.1164,1.51413,07.7372
2026-07-09T09:01:05.314724,737.4,05.1016,1.85832,09.4774
2026-07-09T09:01:06.319745,738.4,05.0962,1.68518,08.5775
2026-07-09T09:01:07.320305,739.4,05.1050,1.72236,08.7840
2026-07-09T09:01:08.322952,740.4,05.1034,1.66523,08.4926
2026-07-09T09:01:09.324297,741.4,05.0973,1.91683,09.7566
2026-07-09T09:01:10.328352,742.4,05.0944,1.50458,07.6583
2026-07-09T09:01:11.331283,743.4,05.1097,1.71021,08.7220
2026-07-09T09:01:12.335919,744.4,05.1106,1.47898,07.5575
2026-07-09T09:01:13.340745,745.4,05.1105,1.78417,09.1171
2026-07-09T09:01:14.341690,746.4,05.0983,1.64352,08.3655
2026-07-09T09:01:15.343431,747.4,05.1109,1.56888,08.0169
2026-07-09T09:01:16.347173,748.4,05.1006,1.55480,07.9294
2026-07-09T09:01:17.353711,749.4,05.1061,1.80201,09.1902
2026-07-09T09:01:18.355492,750.4,05.1098,1.59638,08.1415
2026-07-09T09:01:19.360257,751.5,05.0959,1.69246,08.6146
2026-07-09T09:01:20.362224,752.5,05.1169,1.88591,09.6370
2026-07-09T09:01:21.365180,753.5,05.1042,1.49983,07.6491
2026-07-09T09:01:22.369858,754.5,05.1062,1.82587,09.3119
2026-07-09T09:01:23.370532,755.5,05.1075,1.68664,08.6018
2026-07-09T09:01:24.384228,756.5,05.1044,1.50564,07.6787
2026-07-09T09:01:25.392778,757.5,05.1112,1.80939,09.2459
2026-07-09T09:01:26.395365,758.5,05.1122,1.87862,09.5997
2026-07-09T09:01:27.399018,759.5,05.1089,1.73437,08.8452
2026-07-09T09:01:28.402759,760.5,05.1043,1.79251,09.1418
2026-07-09T09:01:29.407597,761.5,05.1111,1.69504,08.6616
2026-07-09T09:01:30.408081,762.5,05.0978,1.47782,07.5221
2026-07-09T09:01:31.408239,763.5,05.1105,1.79344,09.1644
2026-07-09T09:01:32.416087,764.5,05.1137,1.50759,07.7037
2026-07-09T09:01:33.420562,765.5,05.1156,1.60669,08.2101
2026-07-09T09:01:34.426140,766.5,05.1069,1.74435,08.8961
2026-07-09T09:01:35.431546,767.5,05.0970,1.57216,08.0022
2026-07-09T09:01:36.437474,768.5,05.1009,1.79255,09.1420
2026-07-09T09:01:37.439678,769.5,05.1037,1.56740,07.9937
2026-07-09T09:01:38.446795,770.5,05.1108,1.64745,08.4184
2026-07-09T09:01:39.449862,771.5,05.1105,1.56881,08.0166
2026-07-09T09:01:40.455172,772.5,05.1170,1.72310,08.8050
2026-07-09T09:01:41.454741,773.5,05.1125,1.67682,08.5685
2026-07-09T09:01:42.455881,774.5,05.0975,1.68461,08.5746
2026-07-09T09:01:43.461057,775.6,05.0962,1.58343,08.0596
2026-07-09T09:01:44.464083,776.6,05.1039,1.59027,08.1103
2026-07-09T09:01:45.465570,777.6,05.1128,1.53293,07.8332
2026-07-09T09:01:46.469119,778.6,05.1058,1.63919,08.3598
2026-07-09T09:01:47.470580,779.6,05.1134,1.92743,09.8491
2026-07-09T09:01:48.473584,780.6,05.1156,1.50154,07.6728
2026-07-09T09:01:49.475276,781.6,05.1030,1.76563,09.0047
2026-07-09T09:01:50.480374,782.6,05.1101,1.55914,07.9672
2026-07-09T09:01:51.485422,783.6,05.0925,1.78694,09.0955
2026-07-09T09:01:52.489605,784.6,05.1073,1.47764,07.5359
2026-07-09T09:01:53.492217,785.6,05.1025,1.62330,08.2788
2026-07-09T09:01:54.499559,786.6,05.1030,1.87361,09.5554
2026-07-09T09:01:55.500749,787.6,05.0948,1.57400,08.0116
2026-07-09T09:01:56.505686,788.6,05.1085,1.53408,07.8238
2026-07-09T09:01:57.511163,789.6,05.1119,1.60096,08.1809
2026-07-09T09:01:58.515821,790.6,05.1056,1.53233,07.8148
2026-07-09T09:01:59.520919,791.6,05.1083,1.65265,08.4285
2026-07-09T09:02:00.525908,792.6,05.1075,1.56430,07.9779
2026-07-09T09:02:01.526662,793.6,05.1142,1.83873,09.3959
2026-07-09T09:02:02.530299,794.6,05.1109,1.63320,08.3456
2026-07-09T09:02:03.534581,795.6,05.0942,1.48694,07.5685
2026-07-09T09:02:04.539534,796.6,05.1094,1.65905,08.4611
2026-07-09T09:02:05.544673,797.6,05.1044,1.69960,08.6679
2026-07-09T09:02:06.547513,798.6,05.1125,1.50539,07.6925
2026-07-09T09:02:07.549845,799.6,05.1126,1.70564,08.7158
2026-07-09T09:02:08.554138,800.6,05.1117,1.62005,08.2784
2026-07-09T09:02:09.556154,801.6,05.1037,1.65121,08.4211
2026-07-09T09:02:10.556992,802.6,05.1078,1.59866,08.1531
2026-07-09T09:02:11.562413,803.7,05.1026,1.56468,07.9798
2026-07-09T09:02:12.562270,804.7,05.1026,1.43092,07.2976
2026-07-09T09:02:13.567327,805.7,05.1081,1.71233,08.7328
2026-07-09T09:02:14.572354,806.7,05.1162,1.53430,07.8402
2026-07-09T09:02:15.578339,807.7,05.1041,1.66580,08.4955
2026-07-09T09:02:16.581962,808.7,05.1053,1.76313,08.9919
2026-07-09T09:02:17.586752,809.7,05.1058,1.61635,08.2433
2026-07-09T09:02:18.591697,810.7,05.1089,1.72767,08.8111
2026-07-09T09:02:19.596520,811.7,05.0978,1.61370,08.2137
2026-07-09T09:02:20.601307,812.7,05.0992,1.61538,08.2222
2026-07-09T09:02:21.602989,813.7,05.1236,1.69367,08.6715
2026-07-09T09:02:22.605603,814.7,05.1062,1.57504,08.0327
2026-07-09T09:02:23.607062,815.7,05.1072,1.56733,07.9933
2026-07-09T09:02:24.608816,816.7,05.1070,1.69169,08.6276
2026-07-09T09:02:25.612627,817.7,05.1076,1.72737,08.8095
2026-07-09T09:02:26.618182,818.7,05.1155,1.49679,07.6485
2026-07-09T09:02:27.618785,819.7,05.1014,1.73979,08.8729
2026-07-09T09:02:28.623751,820.7,05.1068,1.68507,08.5938
2026-07-09T09:02:29.627907,821.7,05.1111,1.78329,09.1126
2026-07-09T09:02:30.631380,822.7,05.1019,1.67093,08.5217
2026-07-09T09:02:31.634716,823.7,05.1075,1.65505,08.4407
2026-07-09T09:02:32.647261,824.7,05.1177,1.79150,09.1545
2026-07-09T09:02:33.645687,825.7,05.1216,1.47767,07.5656
2026-07-09T09:02:34.646131,826.7,05.1073,1.60633,08.1922
2026-07-09T09:02:35.649709,827.7,05.1080,1.61843,08.2539
2026-07-09T09:02:36.653617,828.7,05.1105,1.56178,07.9806
2026-07-09T09:02:37.657889,829.7,05.1095,1.56195,07.9659
2026-07-09T09:02:38.660848,830.8,05.1095,1.57648,08.0400
2026-07-09T09:02:39.665864,831.8,05.1122,1.69311,08.6517
2026-07-09T09:02:40.669182,832.8,05.1167,1.44035,07.3601
2026-07-09T09:02:41.674293,833.8,05.1164,1.52555,07.7955
2026-07-09T09:02:42.678948,834.8,05.1070,1.54703,07.8898
2026-07-09T09:02:43.683122,835.8,05.1109,1.70173,08.6958
2026-07-09T09:02:44.680191,836.8,05.1151,1.61956,08.2759
2026-07-09T09:02:45.682948,837.8,05.0939,1.61935,08.2424
2026-07-09T09:02:46.690212,838.8,05.0975,1.49519,07.6105
2026-07-09T09:02:47.699545,839.8,05.1069,1.66729,08.5031
2026-07-09T09:02:48.707196,840.8,05.1073,1.87476,09.5612
2026-07-09T09:02:49.702970,841.8,05.1098,1.72951,08.8205
2026-07-09T09:02:50.707017,842.8,05.1100,1.51736,07.7537
2026-07-09T09:02:51.714027,843.8,05.1031,1.49511,07.6250
2026-07-09T09:02:52.715528,844.8,05.1076,1.85802,09.4759
2026-07-09T09:02:53.719839,845.8,05.1001,1.66466,08.4897
2026-07-09T09:02:54.723205,846.8,05.1120,1.59425,08.1466
2026-07-09T09:02:55.723933,847.8,05.1056,1.50063,07.6532
2026-07-09T09:02:56.728866,848.8,05.0981,1.60629,08.1760
2026-07-09T09:02:57.729781,849.8,05.1052,1.63808,08.3542
2026-07-09T09:02:58.734734,850.8,05.1148,1.44094,07.3632
2026-07-09T09:02:59.735867,851.8,05.1006,1.68150,08.5756
2026-07-09T09:03:00.739994,852.8,05.1212,1.86813,09.5648
2026-07-09T09:03:01.743696,853.8,05.1130,1.65972,08.4811
2026-07-09T09:03:02.747264,854.8,05.1162,1.84214,09.4133
2026-07-09T09:03:03.752576,855.8,05.1094,1.61137,08.2179
2026-07-09T09:03:04.754506,856.8,05.1064,1.58068,08.0614
2026-07-09T09:03:05.759006,857.9,05.1177,1.52451,07.7902
2026-07-09T09:03:06.764548,858.9,05.1025,1.78304,09.0935
2026-07-09T09:03:07.769334,859.9,05.1067,1.56802,07.9969
2026-07-09T09:03:08.774327,860.9,05.1087,1.76463,08.9996
2026-07-09T09:03:09.780185,861.9,05.1070,1.68542,08.5956
2026-07-09T09:03:10.781415,862.9,05.0961,1.89846,09.6631
2026-07-09T09:03:11.785706,863.9,05.1087,1.77083,09.0312
2026-07-09T09:03:12.787834,864.9,05.1089,1.59371,08.1279
2026-07-09T09:03:13.792508,865.9,05.1142,1.55016,07.9213
2026-07-09T09:03:14.796213,866.9,05.0970,1.57542,08.0188
2026-07-09T09:03:15.802019,867.9,05.1067,1.70797,08.7106
2026-07-09T09:03:16.806368,868.9,05.1125,1.50300,07.6803
2026-07-09T09:03:17.810850,869.9,05.1045,1.56534,07.9832
2026-07-09T09:03:18.815752,870.9,05.1053,1.55625,07.9368
2026-07-09T09:03:19.820755,871.9,05.1016,1.91338,09.7582
2026-07-09T09:03:20.823438,872.9,05.1045,1.66174,08.4748
2026-07-09T09:03:21.825282,873.9,05.1014,1.70860,08.7138
2026-07-09T09:03:22.826624,874.9,05.1177,1.46775,07.5002
2026-07-09T09:03:23.826625,875.9,05.1031,1.75848,08.9682
2026-07-09T09:03:24.830645,876.9,05.1059,1.61663,08.2448
2026-07-09T09:03:25.835400,877.9,05.1037,1.56174,07.9648
2026-07-09T09:03:26.837471,878.9,05.1122,1.56603,08.0024
2026-07-09T09:03:27.838268,879.9,05.0991,1.58252,08.0550
2026-07-09T09:03:28.840104,880.9,05.1134,1.58821,08.1157
2026-07-09T09:03:29.843522,881.9,05.1141,1.57209,08.0333
2026-07-09T09:03:30.844583,882.9,05.1136,1.50699,07.7007
2026-07-09T09:03:31.847525,883.9,05.1141,1.70775,08.7266
2026-07-09T09:03:32.851654,884.9,05.1100,1.78317,09.1119
2026-07-09T09:03:33.851790,885.9,05.1020,1.69708,08.6551
2026-07-09T09:03:34.854483,886.9,05.0944,1.57565,08.0200
2026-07-09T09:03:35.866158,888.0,05.1180,1.64118,08.3864
2026-07-09T09:03:36.867435,889.0,05.1020,1.52889,07.7973
2026-07-09T09:03:37.871553,890.0,05.1059,1.45342,07.4124
2026-07-09T09:03:38.873782,891.0,05.0995,1.54111,07.8442
2026-07-09T09:03:39.877153,892.0,05.1039,1.54309,07.8697
2026-07-09T09:03:40.881112,893.0,05.1084,1.68900,08.6139
2026-07-09T09:03:41.886199,894.0,05.1026,1.54286,07.8685
2026-07-09T09:03:42.891194,895.0,05.1025,1.75143,08.9322
2026-07-09T09:03:43.894239,896.0,05.0995,1.55571,07.9185
2026-07-09T09:03:44.895541,897.0,05.1028,1.67252,08.5298
2026-07-09T09:03:45.899962,898.0,05.1016,1.52057,07.7549
2026-07-09T09:03:46.900419,899.0,05.1169,1.74419,08.9128
2026-07-09T09:03:47.905745,900.0,05.1006,1.61545,08.2387
2026-07-09T09:03:48.910187,901.0,05.1030,1.37859,07.0308
2026-07-09T09:03:49.913507,902.0,05.1116,1.56912,08.0182
2026-07-09T09:03:50.917668,903.0,05.1133,1.51727,07.7532
2026-07-09T09:03:51.923319,904.0,05.1203,1.65628,08.4801
2026-07-09T09:03:52.926489,905.0,05.1067,2.03329,10.3697
2026-07-09T09:03:53.927838,906.0,05.1020,1.59554,08.1372
2026-07-09T09:03:54.933728,907.0,05.1184,1.64528,08.4073
2026-07-09T09:03:55.937656,908.0,05.1076,1.50968,07.6993
2026-07-09T09:03:56.945759,909.0,05.1131,1.75682,08.9773
2026-07-09T09:03:57.948545,910.0,05.1084,1.62178,08.2710
2026-07-09T09:03:58.954830,911.0,05.1128,1.52982,07.8173
2026-07-09T09:03:59.956785,912.0,05.1128,1.61622,08.2588
2026-07-09T09:04:00.966057,913.0,05.1098,1.50472,07.6740
2026-07-09T09:04:01.967046,914.0,05.1123,1.48976,07.6126
2026-07-09T09:04:02.973244,915.1,05.1070,1.63742,08.3508
2026-07-09T09:04:03.976991,916.1,05.1106,1.56247,07.9842
2026-07-09T09:04:04.981373,917.1,05.1134,1.81025,09.2503
2026-07-09T09:04:05.984791,918.1,05.1047,1.73487,08.8478
2026-07-09T09:04:06.987233,919.1,05.1217,1.57241,08.0507
2026-07-09T09:04:07.993173,920.1,05.1092,1.45957,07.4438
2026-07-09T09:04:08.999336,921.1,05.1058,1.80910,09.2264
2026-07-09T09:04:10.004032,922.1,05.1094,1.62285,08.2765
2026-07-09T09:04:11.007245,923.1,05.1070,1.55889,07.9503
2026-07-09T09:04:12.012072,924.1,05.1089,1.68207,08.5785
2026-07-09T09:04:13.016042,925.1,05.1042,1.58541,08.0855
2026-07-09T09:04:14.020706,926.1,05.1023,1.73148,08.8305
2026-07-09T09:04:15.022662,927.1,05.1067,1.68576,08.5973
2026-07-09T09:04:16.024964,928.1,05.1081,1.67795,08.5575
2026-07-09T09:04:17.030230,929.1,05.1023,1.45989,07.4454
2026-07-09T09:04:18.031368,930.1,05.1020,1.78445,09.1006
2026-07-09T09:04:19.036755,931.1,05.1055,1.68675,08.6024
2026-07-09T09:04:20.041765,932.1,05.1111,1.60814,08.2175
2026-07-09T09:04:21.046358,933.1,05.1059,1.88080,09.5920
2026-07-09T09:04:22.051020,934.1,05.1063,1.65143,08.4222
2026-07-09T09:04:23.055373,935.1,05.1108,1.58142,08.0810
2026-07-09T09:04:24.059222,936.1,05.1056,1.80146,09.1874
2026-07-09T09:04:25.062400,937.1,05.1062,1.81347,09.2486
2026-07-09T09:04:26.067628,938.1,05.0937,1.79837,09.1537
2026-07-09T09:04:27.072086,939.1,05.1147,1.38780,07.0916
2026-07-09T09:04:28.077809,940.1,05.1064,1.53088,07.8074
2026-07-09T09:04:29.082468,941.1,05.1083,1.52173,07.7608
2026-07-09T09:04:30.084550,942.2,05.1006,1.59544,08.1367
2026-07-09T09:04:31.088866,943.2,05.1026,1.63856,08.3566
2026-07-09T09:04:32.093842,944.2,05.1017,1.67464,08.5406
2026-07-09T09:04:33.099090,945.2,05.1167,1.68390,08.6047
2026-07-09T09:04:34.101580,946.2,05.1073,1.41198,07.2010
2026-07-09T09:04:35.106805,947.2,05.1202,1.40758,07.2068
2026-07-09T09:04:36.111291,948.2,05.1111,1.52167,07.7757
2026-07-09T09:04:37.116210,949.2,05.0966,1.60086,08.1483
2026-07-09T09:04:38.121381,950.2,05.1009,1.62958,08.3108
2026-07-09T09:04:39.126718,951.2,05.1083,1.58976,08.1077
2026-07-09T09:04:40.127519,952.2,05.1126,1.76739,09.0313
2026-07-09T09:04:41.129536,953.2,05.1005,1.68620,08.5996
2026-07-09T09:04:42.133242,954.2,05.1109,1.50285,07.6795
2026-07-09T09:04:43.137624,955.2,05.1158,1.82145,09.3076
2026-07-09T09:04:44.138157,956.2,05.0961,1.64773,08.3869
2026-07-09T09:04:45.142798,957.2,05.0939,1.53440,07.8100
2026-07-09T09:04:46.147632,958.2,05.1066,1.57931,08.0544
2026-07-09T09:04:47.152614,959.2,05.0981,1.91326,09.7384
2026-07-09T09:04:48.157710,960.2,05.1095,1.74339,08.8912
2026-07-09T09:04:49.161736,961.2,05.0992,1.57153,07.9990
2026-07-09T09:04:50.163619,962.2,05.0992,1.76989,09.0087
2026-07-09T09:04:51.168599,963.2,05.1020,1.74982,08.9240
2026-07-09T09:04:52.169564,964.2,05.1041,1.64910,08.4104
2026-07-09T09:04:53.173504,965.2,05.1028,1.84625,09.4158
2026-07-09T09:04:54.178523,966.2,05.1048,1.70194,08.6798
2026-07-09T09:04:55.182335,967.2,05.1145,1.54398,07.8897
2026-07-09T09:04:56.187645,968.3,05.1116,1.90780,09.7488
2026-07-09T09:04:57.189750,969.3,05.1008,1.76400,08.9964
2026-07-09T09:04:58.194934,970.3,05.1175,1.46725,07.4976
2026-07-09T09:04:59.197420,971.3,05.1103,1.60108,08.1815
2026-07-09T09:05:00.202400,972.3,05.1031,1.60432,08.1820
2026-07-09T09:05:01.202409,973.3,05.1053,1.54593,07.8842
2026-07-09T09:05:02.205791,974.3,05.1043,1.58780,08.0977
2026-07-09T09:05:03.207263,975.3,05.1098,1.75749,08.9631
2026-07-09T09:05:04.208744,976.3,05.1109,1.56692,08.0069
2026-07-09T09:05:05.212716,977.3,05.1108,1.64775,08.4200
2026-07-09T09:05:06.217782,978.3,05.1100,1.58184,08.0832
2026-07-09T09:05:07.221658,979.3,05.1130,1.54254,07.8823
2026-07-09T09:05:08.222997,980.3,05.0987,1.56950,07.9887
2026-07-09T09:05:09.224940,981.3,05.1080,1.74375,08.8931
2026-07-09T09:05:10.230073,982.3,05.0995,1.57807,08.0323
2026-07-09T09:05:11.232690,983.3,05.1056,1.95967,09.9943
2026-07-09T09:05:12.236198,984.3,05.1111,1.65876,08.4762
2026-07-09T09:05:13.241276,985.3,05.1183,1.58944,08.1220
2026-07-09T09:05:14.245592,986.3,05.1119,1.65039,08.4334
2026-07-09T09:05:15.251320,987.3,05.1064,1.59726,08.1460
2026-07-09T09:05:16.251824,988.3,05.1064,1.74330,08.8908
2026-07-09T09:05:17.255384,989.3,05.0984,1.63156,08.3046
2026-07-09T09:05:18.260514,990.3,05.1233,1.68033,08.6032
2026-07-09T09:05:19.262971,991.3,05.0972,1.55074,07.8932
2026-07-09T09:05:20.268023,992.3,05.1094,1.76607,09.0069
2026-07-09T09:05:21.273095,993.3,05.1058,1.69816,08.6606
2026-07-09T09:05:22.274091,994.3,05.1106,1.66474,08.5068
2026-07-09T09:05:23.274483,995.3,05.1184,1.46079,07.4646
2026-07-09T09:05:24.279473,996.3,05.1089,1.61709,08.2471
2026-07-09T09:05:25.283444,997.3,05.1177,1.66150,08.4902
2026-07-09T09:05:26.287843,998.4,05.1237,1.84765,09.4599
2026-07-09T09:05:27.291235,999.4,05.1001,1.52163,07.7603
2026-07-09T09:05:28.293469,1000.4,05.1126,1.72880,08.8341
2026-07-09T09:05:29.294351,1001.4,05.0997,1.74666,08.8904
2026-07-09T09:05:30.297830,1002.4,05.1039,1.80335,09.1970
2026-07-09T09:05:31.303368,1003.4,05.1025,1.58555,08.0863
2026-07-09T09:05:32.308165,1004.4,05.1083,1.77541,09.0545
2026-07-09T09:05:33.311013,1005.4,05.0995,1.63461,08.3201
2026-07-09T09:05:34.314999,1006.4,05.1088,1.66530,08.4930
2026-07-09T09:05:35.316485,1007.4,05.1089,1.60391,08.1799
2026-07-09T09:05:36.320734,1008.4,05.1051,1.59288,08.1236
2026-07-09T09:05:37.324137,1009.4,05.1050,1.60008,08.1604
2026-07-09T09:05:38.325966,1010.4,05.1051,1.64837,08.4066
2026-07-09T09:05:39.330454,1011.4,05.1227,1.52638,07.8150
2026-07-09T09:05:40.334925,1012.4,05.1081,1.50745,07.6879
2026-07-09T09:05:41.338802,1013.4,05.1081,1.68221,08.5792
2026-07-09T09:05:42.341604,1014.4,05.1072,1.70569,08.6990
2026-07-09T09:05:43.346915,1015.4,05.1056,1.69494,08.6441
2026-07-09T09:05:44.352016,1016.4,05.1044,1.67605,08.5478
2026-07-09T09:05:45.356641,1017.4,05.1080,1.56152,07.9637
2026-07-09T09:05:46.357458,1018.4,05.1089,1.74211,08.8847
2026-07-09T09:05:47.362475,1019.4,05.1069,1.75737,08.9625
2026-07-09T09:05:48.364076,1020.4,05.0984,1.59602,08.1237
2026-07-09T09:05:49.369110,1021.4,05.1101,1.46380,07.4800
2026-07-09T09:05:50.371503,1022.4,05.0934,1.73341,08.8230
2026-07-09T09:05:51.371941,1023.4,05.1103,1.80837,09.2407
2026-07-09T09:05:52.376726,1024.4,05.1041,1.70487,08.6948
2026-07-09T09:05:53.381567,1025.4,05.1072,1.32727,06.7690
2026-07-09T09:05:54.386751,1026.5,05.1142,1.06115,05.4224
2026-07-09T09:05:55.391806,1027.5,05.1050,1.12896,05.7576
2026-07-09T09:05:56.396746,1028.5,05.1136,1.12071,05.7268
2026-07-09T09:05:57.401714,1029.5,05.0951,1.82852,09.3071
2026-07-09T09:05:58.406400,1030.5,05.1172,1.44536,07.3857
2026-07-09T09:05:59.411105,1031.5,05.1087,1.11211,05.6717
2026-07-09T09:06:00.412703,1032.5,05.1067,1.12809,05.7532
2026-07-09T09:06:01.417837,1033.5,05.1108,1.06617,05.4481
2026-07-09T09:06:02.419725,1034.5,05.1119,1.08907,05.5651
2026-07-09T09:06:03.423917,1035.5,05.1031,1.07671,05.4912
2026-07-09T09:06:04.429047,1036.5,05.1041,1.73685,08.8579
2026-07-09T09:06:05.433696,1037.5,05.1047,2.04271,10.4178
2026-07-09T09:06:06.436321,1038.5,05.1067,1.87947,09.5852
2026-07-09T09:06:07.440995,1039.5,05.1067,1.82022,09.2831
2026-07-09T09:06:08.441339,1040.5,05.1061,1.73266,08.8365
2026-07-09T09:06:09.446270,1041.5,05.1125,1.93024,09.8635
2026-07-09T09:06:10.450239,1042.5,05.1045,1.88880,09.6328
2026-07-09T09:06:11.452839,1043.5,05.1122,1.51195,07.7260
2026-07-09T09:06:12.458042,1044.5,05.1061,1.97464,10.0706
2026-07-09T09:06:13.461793,1045.5,05.1067,1.57540,08.0345
2026-07-09T09:06:14.467054,1046.5,05.1016,1.12543,05.7396
2026-07-09T09:06:15.471966,1047.5,05.1136,1.11633,05.7044
2026-07-09T09:06:16.473750,1048.5,05.1064,1.05674,05.3893
2026-07-09T09:06:17.474108,1049.5,05.1123,1.08200,05.5290
2026-07-09T09:06:18.479109,1050.5,05.1034,1.78132,09.0847
2026-07-09T09:06:19.482696,1051.5,05.1072,1.93373,09.8620
2026-07-09T09:06:20.486224,1052.6,05.0983,1.74415,08.8777
2026-07-09T09:06:21.486023,1053.6,05.1117,1.79766,09.1860
2026-07-09T09:06:22.487806,1054.6,05.1048,1.14300,05.8293
2026-07-09T09:06:23.490635,1055.6,05.1065,1.08887,05.5532
2026-07-09T09:06:24.490822,1056.6,05.0970,1.05840,05.3872
2026-07-09T09:06:25.494807,1057.6,05.1069,1.73404,08.8436
2026-07-09T09:06:26.495419,1058.6,05.1056,1.81340,09.2483
2026-07-09T09:06:27.499939,1059.6,05.1166,1.80188,09.2076
2026-07-09T09:06:28.505259,1060.6,05.1078,1.98446,10.1207
2026-07-09T09:06:29.510040,1061.6,05.1111,1.77325,09.0613
2026-07-09T09:06:30.513955,1062.6,05.1073,1.80988,09.2303
2026-07-09T09:06:31.520136,1063.6,05.1025,1.78350,09.0958
2026-07-09T09:06:32.519481,1064.6,05.1009,1.52466,07.7757
2026-07-09T09:06:33.522165,1065.6,05.1075,1.77519,09.0534
2026-07-09T09:06:34.525978,1066.6,05.1086,1.80330,09.1968
2026-07-09T09:06:35.525940,1067.6,05.1094,1.60380,08.1793
2026-07-09T09:06:36.530658,1068.6,05.1245,1.60596,08.2225
2026-07-09T09:06:37.532095,1069.6,05.1187,1.42943,07.3043
2026-07-09T09:06:38.536228,1070.6,05.1086,1.08329,05.5247
2026-07-09T09:06:39.537680,1071.6,05.1137,1.11226,05.6836
2026-07-09T09:06:40.538552,1072.6,05.1133,1.14768,05.8646
2026-07-09T09:06:41.541170,1073.6,05.1150,1.07911,05.5142
2026-07-09T09:06:42.545678,1074.6,05.1101,1.10015,05.6217
2026-07-09T09:06:43.551188,1075.6,05.1088,1.14405,05.8346
2026-07-09T09:06:44.552195,1076.6,05.1162,1.06156,05.4245
2026-07-09T09:06:45.554312,1077.6,05.1070,1.14812,05.8554
2026-07-09T09:06:46.559283,1078.6,05.1030,1.10851,05.6534
2026-07-09T09:06:47.564653,1079.6,05.0976,1.09518,05.5744
2026-07-09T09:06:48.568172,1080.6,05.1042,1.03274,05.2669
2026-07-09T09:06:49.569453,1081.6,05.1012,1.11626,05.6929
2026-07-09T09:06:50.573008,1082.6,05.1048,1.05809,05.3962
2026-07-09T09:06:51.572795,1083.6,05.1136,1.16258,05.9407
2026-07-09T09:06:52.575558,1084.6,05.1177,1.74825,08.9335
2026-07-09T09:06:53.580421,1085.6,05.1192,1.13282,05.7887
2026-07-09T09:06:54.584334,1086.6,05.1083,1.12838,05.7547
2026-07-09T09:06:55.588021,1087.7,05.1041,1.05724,05.3919
2026-07-09T09:06:56.589505,1088.7,05.1130,1.11564,05.7009
2026-07-09T09:06:57.592238,1089.7,05.1095,1.68249,08.5806
2026-07-09T09:06:58.592591,1090.7,05.1025,1.67008,08.5174
2026-07-09T09:06:59.600948,1091.7,05.0987,1.01470,05.1648
2026-07-09T09:07:00.601996,1092.7,05.1106,1.08396,05.5390
2026-07-09T09:07:01.604262,1093.7,05.1066,1.09426,05.5807
2026-07-09T09:07:02.608434,1094.7,05.1087,1.08929,05.5553
2026-07-09T09:07:03.614643,1095.7,05.1144,1.04000,05.3144
2026-07-09T09:07:04.614028,1096.7,05.1145,0.97138,04.9637
2026-07-09T09:07:05.614673,1097.7,05.1020,1.85726,09.4720
2026-07-09T09:07:06.618227,1098.7,05.1178,1.75674,08.9769
2026-07-09T09:07:07.621623,1099.7,05.1125,1.07742,05.5056
2026-07-09T09:07:08.626152,1100.7,05.1051,1.04949,05.3523
2026-07-09T09:07:09.629159,1101.7,05.1166,1.08158,05.5268
2026-07-09T09:07:10.629420,1102.7,05.1001,1.04821,05.3458
2026-07-09T09:07:11.634474,1103.7,05.1150,1.08553,05.5470
2026-07-09T09:07:12.636599,1104.7,05.1117,1.08756,05.5574
2026-07-09T09:07:13.641670,1105.7,05.1023,1.00093,05.1047
2026-07-09T09:07:14.646325,1106.7,05.1093,1.03518,05.2794
2026-07-09T09:07:15.652088,1107.7,05.1144,1.11772,05.7115
2026-07-09T09:07:16.652118,1108.7,05.1026,1.73113,08.8287
2026-07-09T09:07:17.655525,1109.7,05.1294,1.78073,09.1173
2026-07-09T09:07:18.658810,1110.7,05.1106,1.90450,09.7319
2026-07-09T09:07:19.663639,1111.7,05.1053,1.82250,09.2947
2026-07-09T09:07:20.668801,1112.7,05.1104,1.71222,08.7494
2026-07-09T09:07:21.675693,1113.7,05.1109,1.81321,09.2655
2026-07-09T09:07:22.671702,1114.7,05.0984,1.92432,09.7947
2026-07-09T09:07:23.676728,1115.7,05.1104,1.85547,09.4814
2026-07-09T09:07:24.679381,1116.7,05.1080,1.80427,09.2017
2026-07-09T09:07:25.683361,1117.7,05.1180,1.76307,09.0092
2026-07-09T09:07:26.685479,1118.8,05.1053,1.12879,05.7568
2026-07-09T09:07:27.690203,1119.8,05.1148,1.79162,09.1551
2026-07-09T09:07:28.694514,1120.8,05.1031,1.97255,10.0600
2026-07-09T09:07:29.697490,1121.8,05.1022,1.08276,05.5220
2026-07-09T09:07:30.701794,1122.8,05.1080,1.08230,05.5197
2026-07-09T09:07:31.706246,1123.8,05.1089,1.09974,05.6086
2026-07-09T09:07:32.711314,1124.8,05.1101,1.05149,05.3731
2026-07-09T09:07:33.711150,1125.8,05.1092,1.57421,08.0284
2026-07-09T09:07:34.713945,1126.8,05.1139,1.70582,08.7167
2026-07-09T09:07:35.717515,1127.8,05.1177,1.70833,08.7295
2026-07-09T09:07:36.726548,1128.8,05.1016,1.83684,09.3678
2026-07-09T09:07:37.730490,1129.8,05.1087,1.37333,07.0039
2026-07-09T09:07:38.732024,1130.8,05.1153,0.98923,05.0549
2026-07-09T09:07:39.731710,1131.8,05.1066,1.63364,08.3315
2026-07-09T09:07:40.736830,1132.8,05.1108,1.85757,09.4921
2026-07-09T09:07:41.740442,1133.8,05.1116,1.13002,05.7744
2026-07-09T09:07:42.740339,1134.8,05.0986,1.09267,05.5616
2026-07-09T09:07:43.742156,1135.8,05.1125,1.14094,05.8302
2026-07-09T09:07:44.743707,1136.8,05.1080,1.81769,09.2702
2026-07-09T09:07:45.748082,1137.8,05.1045,1.79449,09.1518
2026-07-09T09:07:46.752877,1138.8,05.1117,1.12266,05.7367
2026-07-09T09:07:47.753320,1139.8,05.1073,1.06781,05.4458
2026-07-09T09:07:48.755226,1140.8,05.1017,1.11131,05.6676
2026-07-09T09:07:49.763449,1141.8,05.1033,1.80388,09.1997
2026-07-09T09:07:50.766308,1142.8,05.1098,1.73200,08.8332
2026-07-09T09:07:51.768873,1143.8,05.1008,1.06609,05.4370
2026-07-09T09:07:52.768801,1144.8,05.0973,1.03661,05.2763
2026-07-09T09:07:53.775793,1145.8,05.1119,1.09744,05.6079
2026-07-09T09:07:54.774232,1146.8,05.1028,1.03457,05.2763
2026-07-09T09:07:55.776914,1147.8,05.1056,1.03976,05.3027
2026-07-09T09:07:56.777807,1148.8,05.1151,1.46645,07.4935
2026-07-09T09:07:57.778503,1149.8,05.1139,1.72339,08.8065
2026-07-09T09:07:58.780382,1150.8,05.1119,1.02879,05.2571
2026-07-09T09:07:59.781648,1151.8,05.1092,0.98333,05.0149
2026-07-09T09:08:00.784751,1152.9,05.1144,1.08199,05.5289
2026-07-09T09:08:01.785667,1153.9,05.1156,1.06379,05.4359
2026-07-09T09:08:02.790442,1154.9,05.1048,1.90874,09.7345
2026-07-09T09:08:03.791604,1155.9,05.1172,1.90317,09.7251
2026-07-09T09:08:04.791500,1156.9,05.1041,1.39717,07.1255
2026-07-09T09:08:05.791939,1157.9,05.0976,1.00221,05.1012
2026-07-09T09:08:06.796489,1158.9,05.0997,1.08559,05.5256
2026-07-09T09:08:07.801062,1159.9,05.1145,1.05469,05.3894
2026-07-09T09:08:08.805109,1160.9,05.1120,1.04178,05.3234
2026-07-09T09:08:09.809451,1161.9,05.0991,0.93675,04.7680
2026-07-09T09:08:10.811339,1162.9,05.1022,0.94882,04.8389
2026-07-09T09:08:11.816044,1163.9,05.1097,1.51373,07.7200
2026-07-09T09:08:12.817691,1164.9,05.1114,1.69593,08.6662
2026-07-09T09:08:13.822792,1165.9,05.0969,1.87600,09.5488
2026-07-09T09:08:14.825422,1166.9,05.1169,1.03969,05.3128
2026-07-09T09:08:15.829056,1167.9,05.1133,1.10775,05.6606
2026-07-09T09:08:16.831530,1168.9,05.1011,1.04892,05.3494
2026-07-09T09:08:17.836909,1169.9,05.1166,1.10884,05.6661
2026-07-09T09:08:18.838355,1170.9,05.1039,1.02930,05.2494
2026-07-09T09:08:19.843359,1171.9,05.1114,1.05813,05.4070
2026-07-09T09:08:20.845271,1172.9,05.1055,1.48783,07.5879
2026-07-09T09:08:21.850499,1173.9,05.0937,1.71079,08.7079
2026-07-09T09:08:22.854287,1174.9,05.1101,1.79074,09.1506
2026-07-09T09:08:23.859355,1175.9,05.1186,1.89864,09.7020
2026-07-09T09:08:24.865807,1176.9,05.1106,1.88137,09.6138
2026-07-09T09:08:25.867399,1177.9,05.1100,1.96032,10.0172
2026-07-09T09:08:26.872619,1178.9,05.1227,1.83145,09.3770
2026-07-09T09:08:27.877483,1179.9,05.1012,1.93759,09.8817
2026-07-09T09:08:28.882560,1180.9,05.1070,1.49316,07.6151
2026-07-09T09:08:29.884024,1181.9,05.1058,1.99747,10.1870
2026-07-09T09:08:30.889865,1183.0,05.1130,1.77329,09.0615
2026-07-09T09:08:31.892890,1184.0,05.1036,1.89605,09.6698
2026-07-09T09:08:32.898011,1185.0,05.1100,1.77908,09.0910
2026-07-09T09:08:33.901533,1186.0,05.1056,1.12779,05.7517
2026-07-09T09:08:34.903892,1187.0,05.1159,1.80544,09.2257
2026-07-09T09:08:35.910226,1188.0,05.1020,1.79107,09.1344
2026-07-09T09:08:36.909935,1189.0,05.1009,1.47258,07.5101
2026-07-09T09:08:37.915958,1190.0,05.1125,1.15113,05.8822
2026-07-09T09:08:38.919694,1191.0,05.1056,1.83500,09.3585
2026-07-09T09:08:39.922719,1192.0,05.1063,1.04427,05.3257
2026-07-09T09:08:40.930041,1193.0,05.1105,1.91728,09.7973
2026-07-09T09:08:41.935372,1194.0,05.1030,1.11644,05.6938
2026-07-09T09:08:42.938732,1195.0,05.1031,1.11419,05.6823
2026-07-09T09:08:43.940598,1196.0,05.1046,1.08296,05.5230
2026-07-09T09:08:44.941686,1197.0,05.1162,1.10334,05.6380
2026-07-09T09:08:45.944801,1198.0,05.0980,1.06524,05.4220
2026-07-09T09:08:46.950179,1199.0,05.1023,1.05759,05.3937
2026-07-09T09:08:47.952914,1200.0,05.1053,1.79021,09.1300
2026-07-09T09:08:48.958849,1201.0,05.1067,1.90215,09.7009
2026-07-09T09:08:49.961770,1202.0,05.1100,1.75086,08.9468
2026-07-09T09:08:50.966230,1203.0,05.0984,1.98856,10.1217
2026-07-09T09:08:51.967865,1204.0,05.1080,1.85255,09.4480
2026-07-09T09:08:52.968429,1205.0,05.1034,1.84251,09.3968
2026-07-09T09:08:53.969854,1206.0,05.1059,1.86317,09.5021
2026-07-09T09:08:54.972749,1207.0,05.1039,1.74555,08.9023
2026-07-09T09:08:55.977506,1208.0,05.1144,1.77829,09.0870
2026-07-09T09:08:56.980793,1209.0,05.1144,1.82039,09.3021
2026-07-09T09:08:57.984581,1210.1,05.1114,1.76812,09.0350
2026-07-09T09:08:58.986710,1211.1,05.1122,1.69192,08.6457
2026-07-09T09:08:59.990991,1212.1,05.0975,1.32251,06.7315
2026-07-09T09:09:01.004936,1213.1,05.1177,1.03537,05.2907
2026-07-09T09:09:02.002437,1214.1,05.1112,1.09805,05.6110
2026-07-09T09:09:03.009301,1215.1,05.1012,1.07960,05.5059
2026-07-09T09:09:04.011848,1216.1,05.1030,1.11603,05.6917
2026-07-09T09:09:05.013629,1217.1,05.1105,1.10586,05.6509
2026-07-09T09:09:06.017641,1218.1,05.1134,1.11569,05.7011
2026-07-09T09:09:07.019164,1219.1,05.1079,1.04436,05.3262
2026-07-09T09:09:08.024163,1220.1,05.1167,1.07480,05.4922
2026-07-09T09:09:09.025283,1221.1,05.1026,1.09524,05.5857
2026-07-09T09:09:10.030183,1222.1,05.1061,1.89008,09.6394
2026-07-09T09:09:11.035621,1223.1,05.1173,1.11400,05.6925
2026-07-09T09:09:12.040331,1224.1,05.1106,1.03362,05.2817
2026-07-09T09:09:13.046012,1225.1,05.1120,1.06964,05.4658
2026-07-09T09:09:14.043953,1226.1,05.1081,1.14368,05.8327
2026-07-09T09:09:15.046733,1227.1,05.1062,1.83785,09.3730
2026-07-09T09:09:16.051945,1228.1,05.1126,1.03372,05.2823
2026-07-09T09:09:17.056843,1229.1,05.1050,0.96374,04.9150
2026-07-09T09:09:18.060191,1230.1,05.1070,1.02378,05.2212
2026-07-09T09:09:19.063232,1231.1,05.1009,1.76799,09.0167
2026-07-09T09:09:20.066521,1232.1,05.1045,1.84983,09.4341
2026-07-09T09:09:21.069690,1233.1,05.1092,1.27274,06.4909
2026-07-09T09:09:22.073725,1234.1,05.1111,0.99607,05.0899
2026-07-09T09:09:23.076083,1235.1,05.1050,1.50189,07.6596
2026-07-09T09:09:24.081071,1236.1,05.1133,1.67804,08.5747
2026-07-09T09:09:25.082622,1237.1,05.1014,1.81405,09.2516
2026-07-09T09:09:26.087836,1238.2,05.1073,1.16748,05.9541
2026-07-09T09:09:27.089022,1239.2,05.1159,1.08777,05.5585
2026-07-09T09:09:28.092971,1240.2,05.1100,1.76207,09.0041
2026-07-09T09:09:29.109416,1241.2,05.1097,1.77632,09.0592
2026-07-09T09:09:30.110112,1242.2,05.1123,1.02475,05.2364
2026-07-09T09:09:31.111158,1243.2,05.1020,1.07170,05.4656
2026-07-09T09:09:32.116473,1244.2,05.1125,1.05569,05.3945
2026-07-09T09:09:33.121183,1245.2,05.1031,1.71629,08.7530
2026-07-09T09:09:34.125548,1246.2,05.1123,1.73662,08.8741
2026-07-09T09:09:35.130362,1247.2,05.1006,1.76247,08.9885
2026-07-09T09:09:36.135412,1248.2,05.1073,1.16782,05.9558
2026-07-09T09:09:37.137648,1249.2,05.1070,1.15033,05.8666
2026-07-09T09:09:38.138408,1250.2,05.0995,1.00900,05.1358
2026-07-09T09:09:39.143245,1251.2,05.1095,1.09768,05.5981
2026-07-09T09:09:40.143686,1252.2,05.1067,1.04960,05.3529
2026-07-09T09:09:41.164162,1253.2,05.0986,1.75438,08.9297
2026-07-09T09:09:42.161467,1254.2,05.1108,1.71599,08.7687
2026-07-09T09:09:43.162628,1255.2,05.1020,1.74350,08.8918
2026-07-09T09:09:44.165657,1256.2,05.1034,1.95759,09.9837
2026-07-09T09:09:45.169675,1257.2,05.1095,1.73296,08.8380
2026-07-09T09:09:46.172614,1258.2,05.1066,1.88867,09.6322
2026-07-09T09:09:47.173168,1259.2,05.1130,1.72903,08.8353
2026-07-09T09:09:48.175236,1260.2,05.1034,1.10761,05.6488
2026-07-09T09:09:49.177591,1261.2,05.1023,1.06743,05.4438
2026-07-09T09:09:50.182549,1262.2,05.1031,1.75383,08.9445
2026-07-09T09:09:51.184101,1263.2,05.0956,1.77412,09.0302
2026-07-09T09:09:52.185286,1264.3,05.1094,1.02882,05.2469
2026-07-09T09:09:53.190848,1265.3,05.1056,1.14399,05.8343
2026-07-09T09:09:54.191950,1266.3,05.0923,1.57262,08.0046
2026-07-09T09:09:55.192834,1267.3,05.1009,1.74718,08.9106
2026-07-09T09:09:56.195385,1268.3,05.1030,1.10978,05.6598
2026-07-09T09:09:57.198994,1269.3,05.1109,1.12288,05.7379
2026-07-09T09:09:58.203860,1270.3,05.1105,1.05766,05.4046
2026-07-09T09:09:59.204881,1271.3,05.1123,1.08120,05.5249
2026-07-09T09:10:00.208058,1272.3,05.1123,1.06876,05.4613
2026-07-09T09:10:01.210640,1273.3,05.1125,1.08303,05.5342
2026-07-09T09:10:02.215328,1274.3,05.1159,1.04052,05.3170
2026-07-09T09:10:03.220333,1275.3,05.1172,0.97577,04.9861
2026-07-09T09:10:04.222836,1276.3,05.1141,1.85848,09.4968
2026-07-09T09:10:05.224226,1277.3,05.0941,1.79692,09.1463
2026-07-09T09:10:06.229390,1278.3,05.0906,1.79651,09.1442
2026-07-09T09:10:07.233729,1279.3,05.1111,1.63153,08.3371
2026-07-09T09:10:08.238645,1280.3,05.1075,1.09912,05.6055
2026-07-09T09:10:09.245162,1281.3,05.1100,1.04624,05.3462
2026-07-09T09:10:10.248400,1282.3,05.1020,1.05557,05.3834
2026-07-09T09:10:11.250701,1283.3,05.1111,1.05535,05.3928
2026-07-09T09:10:12.255912,1284.3,05.1092,1.10547,05.6378
2026-07-09T09:10:13.260595,1285.3,05.1079,1.85834,09.4775
2026-07-09T09:10:14.264148,1286.3,05.1009,1.37349,07.0047
2026-07-09T09:10:15.265036,1287.3,05.1098,1.04982,05.3540
2026-07-09T09:10:16.269949,1288.3,05.1153,1.07853,05.5112
2026-07-09T09:10:17.274206,1289.3,05.1033,1.12221,05.7232
2026-07-09T09:10:18.279394,1290.3,05.1130,1.64017,08.3812
2026-07-09T09:10:19.282653,1291.3,05.1130,1.75158,08.9505
2026-07-09T09:10:20.283343,1292.3,05.1005,1.76169,08.9846
2026-07-09T09:10:21.287433,1293.4,05.1025,1.85336,09.4521
2026-07-09T09:10:22.287732,1294.4,05.1100,1.65508,08.4574
2026-07-09T09:10:23.290620,1295.4,05.1048,1.31772,06.7203
2026-07-09T09:10:24.295874,1296.4,05.1109,1.88172,09.6155
2026-07-09T09:10:25.298443,1297.4,05.1062,1.87511,09.5630
2026-07-09T09:10:26.301731,1298.4,05.1053,1.35315,06.9010
2026-07-09T09:10:27.305943,1299.4,05.1100,1.12445,05.7459
2026-07-09T09:10:28.307781,1300.4,05.1061,1.08182,05.5172
2026-07-09T09:10:29.311938,1301.4,05.1133,1.03076,05.2671
2026-07-09T09:10:30.317431,1302.4,05.1097,1.75607,08.9559
2026-07-09T09:10:31.318970,1303.4,05.1030,1.74297,08.8891
2026-07-09T09:10:32.321365,1304.4,05.1150,1.15314,05.8925
2026-07-09T09:10:33.327163,1305.4,05.1081,1.06189,05.4156
2026-07-09T09:10:34.328810,1306.4,05.1101,1.61407,08.2478
2026-07-09T09:10:35.333759,1307.4,05.1051,1.86269,09.4997
2026-07-09T09:10:36.332803,1308.4,05.1092,1.11945,05.7091
2026-07-09T09:10:37.333807,1309.4,05.1128,1.02728,05.2494
2026-07-09T09:10:38.338715,1310.4,05.1047,1.07357,05.4752
2026-07-09T09:10:39.342178,1311.4,05.1064,1.12990,05.7624
2026-07-09T09:10:40.345635,1312.4,05.1084,1.75542,08.9526
2026-07-09T09:10:41.349189,1313.4,05.1087,1.80973,09.2296
2026-07-09T09:10:42.354578,1314.4,05.0939,1.54429,07.8604
2026-07-09T09:10:43.354210,1315.4,05.1173,1.12911,05.7697
2026-07-09T09:10:44.359109,1316.4,05.1030,1.07603,05.4877
2026-07-09T09:10:45.360514,1317.4,05.0964,1.20810,06.1492
2026-07-09T09:10:46.361869,1318.4,05.1162,1.76924,09.0408
2026-07-09T09:10:47.365950,1319.4,05.1001,1.77833,09.0694
2026-07-09T09:10:48.370441,1320.4,05.1125,1.07464,05.4914
2026-07-09T09:10:49.373232,1321.4,05.1172,1.00218,05.1211
2026-07-09T09:10:50.376853,1322.4,05.1076,1.05233,05.3668
2026-07-09T09:10:51.377225,1323.4,05.1036,1.75374,08.9440
2026-07-09T09:10:52.383092,1324.4,05.1025,1.77206,09.0375
2026-07-09T09:10:53.383273,1325.4,05.1059,1.82129,09.2885
2026-07-09T09:10:54.384259,1326.5,05.1212,1.75609,08.9911
2026-07-09T09:10:55.389277,1327.5,05.1050,1.01713,05.1873
2026-07-09T09:10:56.392601,1328.5,05.1095,1.69279,08.6332
2026-07-09T09:10:57.402687,1329.5,05.1092,1.79433,09.1510
2026-07-09T09:10:58.409253,1330.5,05.1041,1.83828,09.3752
2026-07-09T09:10:59.412613,1331.5,05.1123,1.79471,09.1709
2026-07-09T09:11:00.417819,1332.5,05.1086,1.54081,07.8581
2026-07-09T09:11:01.420630,1333.5,05.1119,1.13352,05.7922
2026-07-09T09:11:02.443195,1334.5,05.1125,1.08753,05.5572
2026-07-09T09:11:03.426854,1335.5,05.1122,1.81413,09.2702
2026-07-09T09:11:04.431541,1336.5,05.0951,1.74206,08.8670
2026-07-09T09:11:05.435597,1337.5,05.1075,1.63390,08.3328
2026-07-09T09:11:06.439866,1338.5,05.1075,1.84209,09.3946
2026-07-09T09:11:07.445671,1339.5,05.1097,1.77874,09.0715
2026-07-09T09:11:08.446335,1340.5,05.1031,1.81722,09.2678
2026-07-09T09:11:09.449412,1341.5,05.1037,1.76246,08.9885
2026-07-09T09:11:10.451386,1342.5,05.0969,1.72658,08.7882
2026-07-09T09:11:11.455683,1343.5,05.0994,1.83197,09.3247
2026-07-09T09:11:12.459379,1344.5,05.1087,1.80713,09.2163
2026-07-09T09:11:13.469646,1345.5,05.1050,1.83432,09.3550
2026-07-09T09:11:14.472414,1346.5,05.1044,1.85260,09.4482
2026-07-09T09:11:15.467140,1347.5,05.1158,1.84324,09.4189
2026-07-09T09:11:16.473019,1348.5,05.1056,1.77672,09.0612
2026-07-09T09:11:17.472310,1349.5,05.1112,1.76199,09.0037
2026-07-09T09:11:18.476792,1350.5,05.1072,1.50081,07.6541
2026-07-09T09:11:19.477777,1351.5,05.1079,1.80083,09.1842
2026-07-09T09:11:20.484216,1352.6,05.1028,1.82042,09.2841
2026-07-09T09:11:21.488046,1353.6,05.1069,1.78166,09.0864
2026-07-09T09:11:22.489635,1354.6,05.1092,1.81275,09.2450
2026-07-09T09:11:23.493252,1355.6,05.1001,1.85022,09.4361
2026-07-09T09:11:24.492614,1356.6,05.1098,1.39178,07.0980
2026-07-09T09:11:25.500191,1357.6,05.1031,1.78216,09.0890
2026-07-09T09:11:26.502018,1358.6,05.0969,1.96009,09.9768
2026-07-09T09:11:27.506555,1359.6,05.0953,1.75857,08.9511
2026-07-09T09:11:28.510975,1360.6,05.1167,1.57114,08.0285
2026-07-09T09:11:29.513385,1361.6,05.1069,1.97816,10.0886
2026-07-09T09:11:30.516313,1362.6,05.1056,1.90333,09.7069
2026-07-09T09:11:31.523229,1363.6,05.1087,1.85230,09.4467
2026-07-09T09:11:32.523292,1364.6,05.1072,1.82017,09.2828
2026-07-09T09:11:33.527224,1365.6,05.1034,1.86854,09.5295
2026-07-09T09:11:34.529595,1366.6,05.1083,1.68127,08.5744
2026-07-09T09:11:35.530518,1367.6,05.1173,1.52836,07.8099
2026-07-09T09:11:36.535190,1368.6,05.1105,1.64246,08.3929
2026-07-09T09:11:37.536808,1369.6,05.1117,1.84154,09.4102
2026-07-09T09:11:38.540676,1370.6,05.1045,1.65017,08.4158
2026-07-09T09:11:39.544034,1371.6,05.1116,1.62714,08.3146
2026-07-09T09:11:40.546233,1372.6,05.1026,1.75146,08.9324
2026-07-09T09:11:41.555221,1373.6,05.0947,1.83369,09.3334
2026-07-09T09:11:42.555919,1374.6,05.1105,1.51928,07.7635
2026-07-09T09:11:43.560125,1375.6,05.1095,1.70426,08.6917
2026-07-09T09:11:44.561050,1376.6,05.1080,1.83357,09.3512
2026-07-09T09:11:45.562185,1377.6,05.1056,1.61485,08.2357
2026-07-09T09:11:46.563401,1378.6,05.1055,1.73103,08.8282
2026-07-09T09:11:47.566969,1379.6,05.1091,1.67655,08.5504
2026-07-09T09:11:48.567611,1380.6,05.1089,1.88452,09.6110
2026-07-09T09:11:49.568243,1381.6,05.1098,1.53174,07.8118
2026-07-09T09:11:50.571572,1382.6,05.1042,1.56079,07.9600
2026-07-09T09:11:51.571966,1383.6,05.1177,1.73219,08.8514
2026-07-09T09:11:52.572302,1384.6,05.1066,1.80304,09.1955
2026-07-09T09:11:53.576145,1385.6,05.0947,1.72755,08.7932
2026-07-09T09:11:54.578570,1386.6,05.1044,1.67375,08.5361
2026-07-09T09:11:55.579822,1387.6,05.1081,1.57871,08.0514
2026-07-09T09:11:56.584291,1388.7,05.1081,1.67359,08.5353
2026-07-09T09:11:57.586240,1389.7,05.1044,1.57675,08.0414
2026-07-09T09:11:58.587899,1390.7,05.1094,1.65700,08.4507
2026-07-09T09:11:59.587965,1391.7,05.1076,1.68022,08.5691
2026-07-09T09:12:00.593469,1392.7,05.1006,1.65813,08.4564
2026-07-09T09:12:01.597781,1393.7,05.1055,1.53597,07.8334
2026-07-09T09:12:02.603315,1394.7,05.1112,1.86714,09.5410
2026-07-09T09:12:03.607274,1395.7,05.1133,1.88164,09.6151
2026-07-09T09:12:04.610338,1396.7,05.1114,1.43325,07.3239
2026-07-09T09:12:05.614983,1397.7,05.1011,1.64325,08.3805
2026-07-09T09:12:06.616903,1398.7,05.1039,1.70132,08.6767
2026-07-09T09:12:07.621431,1399.7,05.1066,1.78466,09.1017
2026-07-09T09:12:08.623451,1400.7,05.1033,1.65977,08.4648
2026-07-09T09:12:09.628473,1401.7,05.1031,1.60108,08.1655
2026-07-09T09:12:10.633465,1402.7,05.0948,1.66000,08.4494
2026-07-09T09:12:11.637263,1403.7,05.1101,1.79698,09.1825
2026-07-09T09:12:12.637354,1404.7,05.1005,1.62527,08.2888
2026-07-09T09:12:13.642486,1405.7,05.1158,1.39846,07.1461
2026-07-09T09:12:14.645426,1406.7,05.1012,1.58129,08.0645
2026-07-09T09:12:15.657993,1407.7,05.1091,1.74434,08.8961
2026-07-09T09:12:16.660493,1408.7,05.1064,1.50072,07.6536
2026-07-09T09:12:17.663762,1409.7,05.1116,1.63366,08.3480
2026-07-09T09:12:18.666240,1410.7,05.1058,1.65957,08.4638
2026-07-09T09:12:19.670968,1411.7,05.1134,1.51157,07.7241
2026-07-09T09:12:20.674759,1412.7,05.1083,1.69205,08.6294
2026-07-09T09:12:21.679055,1413.7,05.1141,1.78118,09.1018
2026-07-09T09:12:22.680156,1414.7,05.0994,1.36496,06.9476
2026-07-09T09:12:23.684454,1415.8,05.1081,1.51592,07.7311
2026-07-09T09:12:24.686764,1416.8,05.1072,1.54555,07.8823
2026-07-09T09:12:25.691922,1417.8,05.1078,1.51943,07.7490
2026-07-09T09:12:26.695456,1418.8,05.1044,1.48811,07.5893
2026-07-09T09:12:27.699157,1419.8,05.1067,1.47469,07.5209
2026-07-09T09:12:28.701387,1420.8,05.1067,1.47384,07.5165
2026-07-09T09:12:29.703440,1421.8,05.1037,1.51703,07.7368
2026-07-09T09:12:30.706211,1422.8,05.1068,1.54193,07.8638
2026-07-09T09:12:31.712758,1423.8,05.1062,1.45156,07.4029
2026-07-09T09:12:32.715345,1424.8,05.1053,1.50592,07.6801
2026-07-09T09:12:33.719787,1425.8,05.1062,1.50395,07.6701
2026-07-09T09:12:34.720613,1426.8,05.1055,1.44214,07.3549
2026-07-09T09:12:35.720508,1427.8,05.1041,1.46325,07.4625
2026-07-09T09:12:36.722324,1428.8,05.1059,1.48286,07.5625
2026-07-09T09:12:37.726970,1429.8,05.1057,1.49149,07.6065
2026-07-09T09:12:38.732899,1430.8,05.1060,1.53343,07.8204
2026-07-09T09:12:39.731553,1431.8,05.1051,1.41381,07.2104
2026-07-09T09:12:40.736637,1432.8,05.1097,1.51761,07.7398
2026-07-09T09:12:41.738408,1433.8,05.1130,0.76729,03.9208
2026-07-09T09:12:42.743134,1434.8,05.1108,0.74544,03.8091
2026-07-09T09:12:43.745365,1435.8,05.1098,0.89674,04.5733
2026-07-09T09:12:44.750256,1436.8,05.1099,0.73617,03.7544
2026-07-09T09:12:45.755953,1437.8,05.1105,0.69746,03.5640
2026-07-09T09:12:46.757706,1438.8,05.1106,0.53453,02.7314
2026-07-09T09:12:47.760426,1439.8,05.1106,0.53449,02.7312
2026-07-09T09:12:48.765899,1440.8,05.1110,0.53510,02.7343
2026-07-09T09:12:49.766519,1441.8,05.1108,0.53231,02.7201
2026-07-09T09:12:50.768035,1442.8,05.1109,0.53155,02.7162
