pilot_order,review_order,passage_id,capture_index,relative_time_ms,rgb_filename,rgb_prev_3,rgb_prev_2,rgb_prev_1,rgb_next_1,rgb_next_2,rgb_next_3,original_label,candidate_reason,final_review,notes
1,7,0002,69,6927.0,002_16990_2025_01_26_09_15_02_810643_RGB_640_480_3.png,002_16987_2025_01_26_09_15_02_509620_RGB_640_480_3.png,002_16988_2025_01_26_09_15_02_613076_RGB_640_480_3.png,002_16989_2025_01_26_09_15_02_706386_RGB_640_480_3.png,002_16991_2025_01_26_09_15_02_909180_RGB_640_480_3.png,,,background,high_pdi,,
2,11,0005az,74,7734.0,0005az_10856_2025_01_25_17_11_10_791906_RGB_640_480_3.png,0005az_10853_2025_01_25_17_11_10_480024_RGB_640_480_3.png,0005az_10854_2025_01_25_17_11_10_580516_RGB_640_480_3.png,0005az_10855_2025_01_25_17_11_10_684462_RGB_640_480_3.png,0005az_10857_2025_01_25_17_11_10_892154_RGB_640_480_3.png,0005az_10858_2025_01_25_17_11_10_998277_RGB_640_480_3.png,0005az_10859_2025_01_25_17_11_11_106460_RGB_640_480_3.png,background,boundary,,
3,31,0007vm,62,6629.0,0007vm_6502_2025_01_25_16_49_21_707944_RGB_640_480_3.png,0007vm_6499_2025_01_25_16_49_21_398183_RGB_640_480_3.png,0007vm_6500_2025_01_25_16_49_21_494771_RGB_640_480_3.png,0007vm_6501_2025_01_25_16_49_21_597841_RGB_640_480_3.png,0007vm_6503_2025_01_25_16_49_21_804414_RGB_640_480_3.png,0007vm_6504_2025_01_25_16_49_21_902767_RGB_640_480_3.png,0007vm_6505_2025_01_25_16_49_21_995143_RGB_640_480_3.png,background,boundary,,
4,37,0008vd,78,8371.0,0008vd_8626_2025_01_25_16_57_43_569051_RGB_640_480_3.png,0008vd_8622_2025_01_25_16_57_43_160269_RGB_640_480_3.png,0008vd_8623_2025_01_25_16_57_43_269443_RGB_640_480_3.png,0008vd_8624_2025_01_25_16_57_43_376367_RGB_640_480_3.png,0008vd_8627_2025_01_25_16_57_43_678398_RGB_640_480_3.png,0008vd_8628_2025_01_25_16_57_43_818073_RGB_640_480_3.png,0008vd_8629_2025_01_25_16_57_43_942681_RGB_640_480_3.png,background,boundary+high_pdi,,
5,38,0008vd,79,8480.0,0008vd_8627_2025_01_25_16_57_43_678398_RGB_640_480_3.png,0008vd_8623_2025_01_25_16_57_43_269443_RGB_640_480_3.png,0008vd_8624_2025_01_25_16_57_43_376367_RGB_640_480_3.png,0008vd_8626_2025_01_25_16_57_43_569051_RGB_640_480_3.png,0008vd_8628_2025_01_25_16_57_43_818073_RGB_640_480_3.png,0008vd_8629_2025_01_25_16_57_43_942681_RGB_640_480_3.png,0008vd_8630_2025_01_25_16_57_44_047440_RGB_640_480_3.png,background,high_pdi,,
6,63,0010,48,4649.0,010_1723_2025_01_25_10_44_46_257301_RGB_640_480_3.png,010_1720_2025_01_25_10_44_45_952209_RGB_640_480_3.png,010_1721_2025_01_25_10_44_46_053824_RGB_640_480_3.png,010_1722_2025_01_25_10_44_46_158976_RGB_640_480_3.png,010_1724_2025_01_25_10_44_46_359726_RGB_640_480_3.png,010_1725_2025_01_25_10_44_46_459115_RGB_640_480_3.png,010_1726_2025_01_25_10_44_46_549291_RGB_640_480_3.png,background,high_pdi,,
7,71,0010az,86,9399.0,0010az_9878_2025_01_25_17_04_25_487887_RGB_640_480_3.png,0010az_9875_2025_01_25_17_04_25_143404_RGB_640_480_3.png,0010az_9876_2025_01_25_17_04_25_251102_RGB_640_480_3.png,0010az_9877_2025_01_25_17_04_25_359389_RGB_640_480_3.png,0010az_9879_2025_01_25_17_04_25_587536_RGB_640_480_3.png,0010az_9880_2025_01_25_17_04_25_682381_RGB_640_480_3.png,0010az_9881_2025_01_25_17_04_25_784935_RGB_640_480_3.png,background,high_pdi,,
8,72,0011br,23,2348.0,0011br_8817_2025_01_25_16_58_40_982459_RGB_640_480_3.png,0011br_8814_2025_01_25_16_58_40_690450_RGB_640_480_3.png,0011br_8815_2025_01_25_16_58_40_786016_RGB_640_480_3.png,0011br_8816_2025_01_25_16_58_40_880646_RGB_640_480_3.png,0011br_8818_2025_01_25_16_58_41_079672_RGB_640_480_3.png,0011br_8819_2025_01_25_16_58_41_180708_RGB_640_480_3.png,0011br_8820_2025_01_25_16_58_41_281478_RGB_640_480_3.png,background,boundary,,
9,86,0014,54,5263.0,0014_555_2025_01_25_10_31_33_601341_RGB_640_480_3.png,0014_552_2025_01_25_10_31_33_286492_RGB_640_480_3.png,0014_553_2025_01_25_10_31_33_393795_RGB_640_480_3.png,0014_554_2025_01_25_10_31_33_497723_RGB_640_480_3.png,0014_556_2025_01_25_10_31_33_692196_RGB_640_480_3.png,0014_557_2025_01_25_10_31_33_797834_RGB_640_480_3.png,0014_558_2025_01_25_10_31_33_900912_RGB_640_480_3.png,background,boundary,,
10,107,0015,60,5582.0,0015_5392_2025_01_25_11_09_00_566108_RGB_640_480_3.png,0015_5389_2025_01_25_11_09_00_267590_RGB_640_480_3.png,0015_5390_2025_01_25_11_09_00_363344_RGB_640_480_3.png,0015_5391_2025_01_25_11_09_00_465084_RGB_640_480_3.png,0015_5393_2025_01_25_11_09_00_663268_RGB_640_480_3.png,0015_5394_2025_01_25_11_09_00_767199_RGB_640_480_3.png,0015_5395_2025_01_25_11_09_00_867773_RGB_640_480_3.png,background,boundary,,
11,119,0020az,88,8757.0,0020az_7100_2025_01_25_16_52_46_274034_RGB_640_480_3.png,0020az_7097_2025_01_25_16_52_45_983613_RGB_640_480_3.png,0020az_7098_2025_01_25_16_52_46_084440_RGB_640_480_3.png,0020az_7099_2025_01_25_16_52_46_176517_RGB_640_480_3.png,0020az_7101_2025_01_25_16_52_46_372347_RGB_640_480_3.png,0020az_7102_2025_01_25_16_52_46_469935_RGB_640_480_3.png,0020az_7103_2025_01_25_16_52_46_565609_RGB_640_480_3.png,background,boundary,,
12,127,0020vd,60,6274.0,0020vd_10998_2025_01_25_17_11_42_787826_RGB_640_480_3.png,0020vd_10995_2025_01_25_17_11_42_478603_RGB_640_480_3.png,0020vd_10996_2025_01_25_17_11_42_574881_RGB_640_480_3.png,0020vd_10997_2025_01_25_17_11_42_686388_RGB_640_480_3.png,0020vd_10999_2025_01_25_17_11_42_886343_RGB_640_480_3.png,0020vd_11000_2025_01_25_17_11_42_996692_RGB_640_480_3.png,0020vd_11001_2025_01_25_17_11_43_102819_RGB_640_480_3.png,background,boundary,,
13,138,0024,93,9204.0,0024_1893_2025_01_25_10_45_39_727611_RGB_640_480_3.png,0024_1890_2025_01_25_10_45_39_416418_RGB_640_480_3.png,0024_1891_2025_01_25_10_45_39_526773_RGB_640_480_3.png,0024_1892_2025_01_25_10_45_39_623196_RGB_640_480_3.png,0024_1894_2025_01_25_10_45_39_829867_RGB_640_480_3.png,0024_1895_2025_01_25_10_45_39_930739_RGB_640_480_3.png,0024_1896_2025_01_25_10_45_40_025581_RGB_640_480_3.png,background,boundary+high_pdi,,
14,139,0024,94,9306.0,0024_1894_2025_01_25_10_45_39_829867_RGB_640_480_3.png,0024_1891_2025_01_25_10_45_39_526773_RGB_640_480_3.png,0024_1892_2025_01_25_10_45_39_623196_RGB_640_480_3.png,0024_1893_2025_01_25_10_45_39_727611_RGB_640_480_3.png,0024_1895_2025_01_25_10_45_39_930739_RGB_640_480_3.png,0024_1896_2025_01_25_10_45_40_025581_RGB_640_480_3.png,0024_1897_2025_01_25_10_45_40_121049_RGB_640_480_3.png,background,boundary+high_pdi,,
15,171,0027vm,19,1838.0,0027vm_12602_2025_01_25_17_20_01_644201_RGB_640_480_3.png,0027vm_12599_2025_01_25_17_20_01_340372_RGB_640_480_3.png,0027vm_12600_2025_01_25_17_20_01_449300_RGB_640_480_3.png,0027vm_12601_2025_01_25_17_20_01_544342_RGB_640_480_3.png,0027vm_12603_2025_01_25_17_20_01_741305_RGB_640_480_3.png,0027vm_12604_2025_01_25_17_20_01_843697_RGB_640_480_3.png,0027vm_12605_2025_01_25_17_20_01_938019_RGB_640_480_3.png,background,high_pdi,,
16,176,0027vm,85,9303.0,0027vm_12668_2025_01_25_17_20_09_109578_RGB_640_480_3.png,0027vm_12665_2025_01_25_17_20_08_813801_RGB_640_480_3.png,0027vm_12666_2025_01_25_17_20_08_912597_RGB_640_480_3.png,0027vm_12667_2025_01_25_17_20_09_016795_RGB_640_480_3.png,0027vm_12669_2025_01_25_17_20_09_198643_RGB_640_480_3.png,0027vm_12670_2025_01_25_17_20_09_292295_RGB_640_480_3.png,0027vm_12671_2025_01_25_17_20_09_406049_RGB_640_480_3.png,background,boundary+high_pdi,,
17,182,0028vm,51,5035.0,0028vm_12722_2025_01_25_17_20_26_048527_RGB_640_480_3.png,0028vm_12719_2025_01_25_17_20_25_733925_RGB_640_480_3.png,0028vm_12720_2025_01_25_17_20_25_847400_RGB_640_480_3.png,0028vm_12721_2025_01_25_17_20_25_939311_RGB_640_480_3.png,0028vm_12723_2025_01_25_17_20_26_152946_RGB_640_480_3.png,0028vm_12724_2025_01_25_17_20_26_256975_RGB_640_480_3.png,0028vm_12725_2025_01_25_17_20_26_364372_RGB_640_480_3.png,background,boundary+high_pdi,,
18,190,0029,59,5771.0,0029_4462_2025_01_25_11_03_13_952271_RGB_640_480_3.png,0029_4459_2025_01_25_11_03_13_654797_RGB_640_480_3.png,0029_4460_2025_01_25_11_03_13_749043_RGB_640_480_3.png,0029_4461_2025_01_25_11_03_13_855947_RGB_640_480_3.png,0029_4463_2025_01_25_11_03_14_050943_RGB_640_480_3.png,0029_4464_2025_01_25_11_03_14_145412_RGB_640_480_3.png,0029_4465_2025_01_25_11_03_14_246290_RGB_640_480_3.png,background,high_pdi,,
19,197,0030am,21,2012.0,0030am_9906_2025_01_25_17_04_38_422436_RGB_640_480_3.png,0030am_9903_2025_01_25_17_04_38_123964_RGB_640_480_3.png,0030am_9904_2025_01_25_17_04_38_223959_RGB_640_480_3.png,0030am_9905_2025_01_25_17_04_38_321675_RGB_640_480_3.png,0030am_9907_2025_01_25_17_04_38_532491_RGB_640_480_3.png,0030am_9908_2025_01_25_17_04_38_626753_RGB_640_480_3.png,0030am_9909_2025_01_25_17_04_38_738514_RGB_640_480_3.png,background,boundary,,
20,205,0031az,72,7149.0,0031az_10033_2025_01_25_17_05_00_929943_RGB_640_480_3.png,0031az_10030_2025_01_25_17_05_00_630513_RGB_640_480_3.png,0031az_10031_2025_01_25_17_05_00_726522_RGB_640_480_3.png,0031az_10032_2025_01_25_17_05_00_829902_RGB_640_480_3.png,0031az_10034_2025_01_25_17_05_01_031462_RGB_640_480_3.png,0031az_10035_2025_01_25_17_05_01_334054_RGB_640_480_3.png,0031az_10036_2025_01_25_17_05_01_828659_RGB_640_480_3.png,background,boundary,,
21,213,0032az,108,15604.0,0032az_11792_2025_01_25_17_15_26_438791_RGB_640_480_3.png,0032az_11789_2025_01_25_17_15_26_130694_RGB_640_480_3.png,0032az_11790_2025_01_25_17_15_26_231190_RGB_640_480_3.png,0032az_11791_2025_01_25_17_15_26_338630_RGB_640_480_3.png,0032az_11793_2025_01_25_17_15_26_531227_RGB_640_480_3.png,0032az_11794_2025_01_25_17_15_26_624272_RGB_640_480_3.png,0032az_11795_2025_01_25_17_15_26_735440_RGB_640_480_3.png,background,boundary,,
22,235,0041vd,23,2228.0,0041vd_6625_2025_01_25_16_50_19_766922_RGB_640_480_3.png,0041vd_6622_2025_01_25_16_50_19_488977_RGB_640_480_3.png,0041vd_6623_2025_01_25_16_50_19_586730_RGB_640_480_3.png,0041vd_6624_2025_01_25_16_50_19_671659_RGB_640_480_3.png,0041vd_6626_2025_01_25_16_50_19_869780_RGB_640_480_3.png,0041vd_6627_2025_01_25_16_50_19_968203_RGB_640_480_3.png,0041vd_6628_2025_01_25_16_50_20_074168_RGB_640_480_3.png,background,high_pdi,,
23,241,0041vds2,22,2141.0,0041vd_6659_2025_01_25_16_50_28_648449_RGB_640_480_3.png,0041vd_6656_2025_01_25_16_50_28_342229_RGB_640_480_3.png,0041vd_6657_2025_01_25_16_50_28_443896_RGB_640_480_3.png,0041vd_6658_2025_01_25_16_50_28_547438_RGB_640_480_3.png,0041vd_6660_2025_01_25_16_50_28_749068_RGB_640_480_3.png,0041vd_6661_2025_01_25_16_50_28_849992_RGB_640_480_3.png,0041vd_6662_2025_01_25_16_50_28_944270_RGB_640_480_3.png,background,boundary+high_pdi,,
24,242,0041vds2,23,2242.0,0041vd_6660_2025_01_25_16_50_28_749068_RGB_640_480_3.png,0041vd_6657_2025_01_25_16_50_28_443896_RGB_640_480_3.png,0041vd_6658_2025_01_25_16_50_28_547438_RGB_640_480_3.png,0041vd_6659_2025_01_25_16_50_28_648449_RGB_640_480_3.png,0041vd_6661_2025_01_25_16_50_28_849992_RGB_640_480_3.png,0041vd_6662_2025_01_25_16_50_28_944270_RGB_640_480_3.png,0041vd_6663_2025_01_25_16_50_29_044153_RGB_640_480_3.png,background,boundary+high_pdi,,
25,244,0041vds2,25,2437.0,0041vd_6662_2025_01_25_16_50_28_944270_RGB_640_480_3.png,0041vd_6659_2025_01_25_16_50_28_648449_RGB_640_480_3.png,0041vd_6660_2025_01_25_16_50_28_749068_RGB_640_480_3.png,0041vd_6661_2025_01_25_16_50_28_849992_RGB_640_480_3.png,0041vd_6663_2025_01_25_16_50_29_044153_RGB_640_480_3.png,0041vd_6664_2025_01_25_16_50_29_140671_RGB_640_480_3.png,0041vd_6665_2025_01_25_16_50_29_271845_RGB_640_480_3.png,background,high_pdi,,
26,248,0043az,29,2838.0,0043az_8920_2025_01_25_16_59_32_302431_RGB_640_480_3.png,0043az_8917_2025_01_25_16_59_32_017322_RGB_640_480_3.png,0043az_8918_2025_01_25_16_59_32_116855_RGB_640_480_3.png,0043az_8919_2025_01_25_16_59_32_212486_RGB_640_480_3.png,0043az_8921_2025_01_25_16_59_32_388950_RGB_640_480_3.png,0043az_8922_2025_01_25_16_59_32_485660_RGB_640_480_3.png,0043az_8923_2025_01_25_16_59_32_595794_RGB_640_480_3.png,background,boundary,,
27,290,0050vd,64,6357.0,0050vd_9789_2025_01_25_17_03_58_182865_RGB_640_480_3.png,0050vd_9786_2025_01_25_17_03_57_893006_RGB_640_480_3.png,0050vd_9787_2025_01_25_17_03_57_989347_RGB_640_480_3.png,0050vd_9788_2025_01_25_17_03_58_085641_RGB_640_480_3.png,0050vd_9790_2025_01_25_17_03_58_288369_RGB_640_480_3.png,0050vd_9791_2025_01_25_17_03_58_568506_RGB_640_480_3.png,0050vd_9792_2025_01_25_17_03_59_054046_RGB_640_480_3.png,background,high_pdi,,
28,292,0052az,22,2108.0,0052az_6886_2025_01_25_16_52_05_789841_RGB_640_480_3.png,0052az_6883_2025_01_25_16_52_05_497158_RGB_640_480_3.png,0052az_6884_2025_01_25_16_52_05_591689_RGB_640_480_3.png,0052az_6885_2025_01_25_16_52_05_689119_RGB_640_480_3.png,0052az_6887_2025_01_25_16_52_05_890770_RGB_640_480_3.png,0052az_6888_2025_01_25_16_52_05_999370_RGB_640_480_3.png,0052az_6889_2025_01_25_16_52_06_092423_RGB_640_480_3.png,background,boundary,,
29,315,0054az,57,5464.0,0054az_9478_2025_01_25_17_02_23_255347_RGB_640_480_3.png,0054az_9475_2025_01_25_17_02_22_960099_RGB_640_480_3.png,0054az_9476_2025_01_25_17_02_23_054339_RGB_640_480_3.png,0054az_9477_2025_01_25_17_02_23_160036_RGB_640_480_3.png,0054az_9479_2025_01_25_17_02_23_354086_RGB_640_480_3.png,0054az_9480_2025_01_25_17_02_23_462347_RGB_640_480_3.png,0054az_9481_2025_01_25_17_02_23_565316_RGB_640_480_3.png,background,high_pdi,,
30,337,0057,106,10480.0,0057_17179_2025_01_26_09_30_20_344483_RGB_640_480_3.png,0057_17176_2025_01_26_09_30_20_057848_RGB_640_480_3.png,0057_17177_2025_01_26_09_30_20_155593_RGB_640_480_3.png,0057_17178_2025_01_26_09_30_20_248696_RGB_640_480_3.png,0057_17180_2025_01_26_09_30_20_438527_RGB_640_480_3.png,0057_17181_2025_01_26_09_30_20_535469_RGB_640_480_3.png,0057_17182_2025_01_26_09_30_20_634536_RGB_640_480_3.png,background,high_pdi,,
31,338,0057,109,10771.0,0057_17182_2025_01_26_09_30_20_634536_RGB_640_480_3.png,0057_17179_2025_01_26_09_30_20_344483_RGB_640_480_3.png,0057_17180_2025_01_26_09_30_20_438527_RGB_640_480_3.png,0057_17181_2025_01_26_09_30_20_535469_RGB_640_480_3.png,0057_17183_2025_01_26_09_30_20_724952_RGB_640_480_3.png,0057_17184_2025_01_26_09_30_20_818546_RGB_640_480_3.png,0057_17185_2025_01_26_09_30_20_914912_RGB_640_480_3.png,background,high_pdi,,
32,344,0059,68,6702.0,59_3777_2025_01_25_10_59_17_826399_RGB_640_480_3.png,59_3774_2025_01_25_10_59_17_524590_RGB_640_480_3.png,59_3775_2025_01_25_10_59_17_632920_RGB_640_480_3.png,59_3776_2025_01_25_10_59_17_727693_RGB_640_480_3.png,59_3778_2025_01_25_10_59_17_928771_RGB_640_480_3.png,59_3779_2025_01_25_10_59_18_029796_RGB_640_480_3.png,59_3780_2025_01_25_10_59_18_128498_RGB_640_480_3.png,background,boundary,,
33,348,0059az,52,5211.0,0059az_10563_2025_01_25_17_09_39_616015_RGB_640_480_3.png,0059az_10560_2025_01_25_17_09_39_323212_RGB_640_480_3.png,0059az_10561_2025_01_25_17_09_39_422427_RGB_640_480_3.png,0059az_10562_2025_01_25_17_09_39_521199_RGB_640_480_3.png,0059az_10564_2025_01_25_17_09_39_726304_RGB_640_480_3.png,0059az_10565_2025_01_25_17_09_39_825121_RGB_640_480_3.png,0059az_10566_2025_01_25_17_09_39_933027_RGB_640_480_3.png,background,boundary,,
34,353,0060az,38,3861.0,0060az_10075_2025_01_25_17_05_38_494260_RGB_640_480_3.png,0060az_10072_2025_01_25_17_05_38_176567_RGB_640_480_3.png,0060az_10073_2025_01_25_17_05_38_291842_RGB_640_480_3.png,0060az_10074_2025_01_25_17_05_38_396276_RGB_640_480_3.png,0060az_10076_2025_01_25_17_05_38_630042_RGB_640_480_3.png,0060az_10077_2025_01_25_17_05_38_737115_RGB_640_480_3.png,0060az_10078_2025_01_25_17_05_38_852702_RGB_640_480_3.png,background,boundary,,
35,357,0062,124,11779.0,0062_5158_2025_01_25_11_08_01_846265_RGB_640_480_3.png,0062_5155_2025_01_25_11_08_01_547538_RGB_640_480_3.png,0062_5156_2025_01_25_11_08_01_646167_RGB_640_480_3.png,0062_5157_2025_01_25_11_08_01_747257_RGB_640_480_3.png,0062_5159_2025_01_25_11_08_01_948090_RGB_640_480_3.png,0062_5160_2025_01_25_11_08_02_046567_RGB_640_480_3.png,0062_5161_2025_01_25_11_08_02_139686_RGB_640_480_3.png,background,boundary,,
36,369,0063vd,57,5709.0,0063vd_11229_2025_01_25_17_12_52_061066_RGB_640_480_3.png,0063vd_11226_2025_01_25_17_12_51_730378_RGB_640_480_3.png,0063vd_11227_2025_01_25_17_12_51_848194_RGB_640_480_3.png,0063vd_11228_2025_01_25_17_12_51_948084_RGB_640_480_3.png,0063vd_11230_2025_01_25_17_12_52_165428_RGB_640_480_3.png,0063vd_11231_2025_01_25_17_12_52_265165_RGB_640_480_3.png,0063vd_11232_2025_01_25_17_12_52_371580_RGB_640_480_3.png,background,high_pdi,,
37,370,0065az,31,3128.0,0065az_9675_2025_01_25_17_03_38_620682_RGB_640_480_3.png,0065az_9672_2025_01_25_17_03_38_300807_RGB_640_480_3.png,0065az_9673_2025_01_25_17_03_38_405004_RGB_640_480_3.png,0065az_9674_2025_01_25_17_03_38_505471_RGB_640_480_3.png,0065az_9676_2025_01_25_17_03_38_715271_RGB_640_480_3.png,0065az_9677_2025_01_25_17_03_38_846763_RGB_640_480_3.png,0065az_9678_2025_01_25_17_03_38_976290_RGB_640_480_3.png,background,high_pdi,,
38,377,0065vd,23,2181.0,0065vd_7903_2025_01_25_16_55_11_645585_RGB_640_480_3.png,0065vd_7900_2025_01_25_16_55_11_333387_RGB_640_480_3.png,0065vd_7901_2025_01_25_16_55_11_435613_RGB_640_480_3.png,0065vd_7902_2025_01_25_16_55_11_540167_RGB_640_480_3.png,0065vd_7904_2025_01_25_16_55_11_733267_RGB_640_480_3.png,0065vd_7905_2025_01_25_16_55_11_825768_RGB_640_480_3.png,0065vd_7906_2025_01_25_16_55_11_935262_RGB_640_480_3.png,background,boundary,,
39,389,0067vd,25,2407.0,0067vd_6539_2025_01_25_16_49_39_286097_RGB_640_480_3.png,0067vd_6536_2025_01_25_16_49_38_944051_RGB_640_480_3.png,0067vd_6537_2025_01_25_16_49_39_048235_RGB_640_480_3.png,0067vd_6538_2025_01_25_16_49_39_158737_RGB_640_480_3.png,0067vd_6540_2025_01_25_16_49_39_377491_RGB_640_480_3.png,0067vd_6541_2025_01_25_16_49_39_469184_RGB_640_480_3.png,0067vd_6542_2025_01_25_16_49_39_562065_RGB_640_480_3.png,background,high_pdi,,
40,447,0068vds2,200,20425.0,0068vd_7781_2025_01_25_16_54_21_093682_RGB_640_480_3.png,0068vd_7778_2025_01_25_16_54_20_793930_RGB_640_480_3.png,0068vd_7779_2025_01_25_16_54_20_893760_RGB_640_480_3.png,0068vd_7780_2025_01_25_16_54_20_990686_RGB_640_480_3.png,0068vd_7782_2025_01_25_16_54_21_189523_RGB_640_480_3.png,0068vd_7783_2025_01_25_16_54_21_296965_RGB_640_480_3.png,0068vd_7784_2025_01_25_16_54_21_400282_RGB_640_480_3.png,background,boundary,,
41,462,0069az,123,12192.0,0069az_6789_2025_01_25_16_51_19_234957_RGB_640_480_3.png,0069az_6786_2025_01_25_16_51_18_923394_RGB_640_480_3.png,0069az_6787_2025_01_25_16_51_19_032395_RGB_640_480_3.png,0069az_6788_2025_01_25_16_51_19_126839_RGB_640_480_3.png,0069az_6790_2025_01_25_16_51_19_327190_RGB_640_480_3.png,0069az_6791_2025_01_25_16_51_19_423091_RGB_640_480_3.png,0069az_6792_2025_01_25_16_51_19_525215_RGB_640_480_3.png,background,high_pdi,,
42,463,0069az,124,12288.0,0069az_6790_2025_01_25_16_51_19_327190_RGB_640_480_3.png,0069az_6787_2025_01_25_16_51_19_032395_RGB_640_480_3.png,0069az_6788_2025_01_25_16_51_19_126839_RGB_640_480_3.png,0069az_6789_2025_01_25_16_51_19_234957_RGB_640_480_3.png,0069az_6791_2025_01_25_16_51_19_423091_RGB_640_480_3.png,0069az_6792_2025_01_25_16_51_19_525215_RGB_640_480_3.png,0069az_6793_2025_01_25_16_51_19_631598_RGB_640_480_3.png,background,high_pdi,,
43,467,0071az,40,3936.0,0071az_11353_2025_01_25_17_13_47_018869_RGB_640_480_3.png,0071az_11350_2025_01_25_17_13_46_693283_RGB_640_480_3.png,0071az_11351_2025_01_25_17_13_46_789128_RGB_640_480_3.png,0071az_11352_2025_01_25_17_13_46_895479_RGB_640_480_3.png,0071az_11354_2025_01_25_17_13_47_148182_RGB_640_480_3.png,0071az_11355_2025_01_25_17_13_47_258970_RGB_640_480_3.png,0071az_11356_2025_01_25_17_13_47_361055_RGB_640_480_3.png,background,boundary+high_pdi,,
44,470,0071az,45,4484.0,0071az_11358_2025_01_25_17_13_47_567162_RGB_640_480_3.png,0071az_11355_2025_01_25_17_13_47_258970_RGB_640_480_3.png,0071az_11356_2025_01_25_17_13_47_361055_RGB_640_480_3.png,0071az_11357_2025_01_25_17_13_47_467484_RGB_640_480_3.png,0071az_11359_2025_01_25_17_13_47_674411_RGB_640_480_3.png,0071az_11360_2025_01_25_17_13_47_780270_RGB_640_480_3.png,0071az_11361_2025_01_25_17_13_47_887321_RGB_640_480_3.png,background,high_pdi,,
45,471,0071vd,19,1845.0,0071vd_6975_2025_01_25_16_52_23_767662_RGB_640_480_3.png,0071vd_6972_2025_01_25_16_52_23_452741_RGB_640_480_3.png,0071vd_6973_2025_01_25_16_52_23_552174_RGB_640_480_3.png,0071vd_6974_2025_01_25_16_52_23_671490_RGB_640_480_3.png,0071vd_6976_2025_01_25_16_52_23_857320_RGB_640_480_3.png,0071vd_6977_2025_01_25_16_52_23_961497_RGB_640_480_3.png,0071vd_6978_2025_01_25_16_52_24_063380_RGB_640_480_3.png,background,high_pdi,,
46,506,0117vd,34,3332.0,0117vd_11963_2025_01_25_17_16_02_399223_RGB_640_480_3.png,0117vd_11960_2025_01_25_17_16_02_087450_RGB_640_480_3.png,0117vd_11961_2025_01_25_17_16_02_200346_RGB_640_480_3.png,0117vd_11962_2025_01_25_17_16_02_291047_RGB_640_480_3.png,0117vd_11964_2025_01_25_17_16_02_510690_RGB_640_480_3.png,0117vd_11965_2025_01_25_17_16_02_619022_RGB_640_480_3.png,0117vd_11966_2025_01_25_17_16_02_737981_RGB_640_480_3.png,background,boundary+high_pdi,,
47,508,0118vd,21,2104.0,0118vd_12101_2025_01_25_17_16_57_227897_RGB_640_480_3.png,0118vd_12098_2025_01_25_17_16_56_926339_RGB_640_480_3.png,0118vd_12099_2025_01_25_17_16_57_025010_RGB_640_480_3.png,0118vd_12100_2025_01_25_17_16_57_127926_RGB_640_480_3.png,0118vd_12102_2025_01_25_17_16_57_329610_RGB_640_480_3.png,0118vd_12103_2025_01_25_17_16_57_435118_RGB_640_480_3.png,0118vd_12104_2025_01_25_17_16_57_530848_RGB_640_480_3.png,background,boundary,,
48,526,0121vd,34,3363.0,0121vd_12541_2025_01_25_17_19_46_941380_RGB_640_480_3.png,0121vd_12538_2025_01_25_17_19_46_640801_RGB_640_480_3.png,0121vd_12539_2025_01_25_17_19_46_742585_RGB_640_480_3.png,0121vd_12540_2025_01_25_17_19_46_839339_RGB_640_480_3.png,0121vd_12542_2025_01_25_17_19_47_048059_RGB_640_480_3.png,0121vd_12543_2025_01_25_17_19_47_149190_RGB_640_480_3.png,0121vd_12544_2025_01_25_17_19_47_247440_RGB_640_480_3.png,background,boundary+high_pdi,,
49,527,0121vd,35,3469.0,0121vd_12542_2025_01_25_17_19_47_048059_RGB_640_480_3.png,0121vd_12539_2025_01_25_17_19_46_742585_RGB_640_480_3.png,0121vd_12540_2025_01_25_17_19_46_839339_RGB_640_480_3.png,0121vd_12541_2025_01_25_17_19_46_941380_RGB_640_480_3.png,0121vd_12543_2025_01_25_17_19_47_149190_RGB_640_480_3.png,0121vd_12544_2025_01_25_17_19_47_247440_RGB_640_480_3.png,0121vd_12545_2025_01_25_17_19_47_347911_RGB_640_480_3.png,background,boundary+high_pdi,,
50,537,0122vd,61,6662.0,0122vd_10645_2025_01_25_17_10_02_845418_RGB_640_480_3.png,0122vd_10642_2025_01_25_17_10_02_549874_RGB_640_480_3.png,0122vd_10643_2025_01_25_17_10_02_643744_RGB_640_480_3.png,0122vd_10644_2025_01_25_17_10_02_751445_RGB_640_480_3.png,0122vd_10646_2025_01_25_17_10_02_938268_RGB_640_480_3.png,0122vd_10647_2025_01_25_17_10_03_040589_RGB_640_480_3.png,,background,high_pdi,,
51,539,0123vd,24,2327.0,0123vd_12756_2025_01_25_17_20_34_712595_RGB_640_480_3.png,0123vd_12753_2025_01_25_17_20_34_441142_RGB_640_480_3.png,0123vd_12754_2025_01_25_17_20_34_533877_RGB_640_480_3.png,0123vd_12755_2025_01_25_17_20_34_625550_RGB_640_480_3.png,0123vd_12757_2025_01_25_17_20_34_821731_RGB_640_480_3.png,0123vd_12759_2025_01_25_17_20_35_042760_RGB_640_480_3.png,0123vd_12760_2025_01_25_17_20_35_142412_RGB_640_480_3.png,background,boundary+high_pdi,,
52,568,0127vd,26,2509.0,0127vd_12305_2025_01_25_17_18_34_456533_RGB_640_480_3.png,0127vd_12302_2025_01_25_17_18_34_141450_RGB_640_480_3.png,0127vd_12303_2025_01_25_17_18_34_250378_RGB_640_480_3.png,0127vd_12304_2025_01_25_17_18_34_346979_RGB_640_480_3.png,0127vd_12306_2025_01_25_17_18_34_574639_RGB_640_480_3.png,0127vd_12307_2025_01_25_17_18_34_666838_RGB_640_480_3.png,0127vd_12308_2025_01_25_17_18_34_756764_RGB_640_480_3.png,background,boundary+high_pdi,,
53,572,0127vd,51,5029.0,0127vd_12330_2025_01_25_17_18_36_976572_RGB_640_480_3.png,0127vd_12327_2025_01_25_17_18_36_689562_RGB_640_480_3.png,0127vd_12328_2025_01_25_17_18_36_797170_RGB_640_480_3.png,0127vd_12329_2025_01_25_17_18_36_884677_RGB_640_480_3.png,0127vd_12331_2025_01_25_17_18_37_073432_RGB_640_480_3.png,0127vd_12332_2025_01_25_17_18_37_171353_RGB_640_480_3.png,0127vd_12333_2025_01_25_17_18_37_256371_RGB_640_480_3.png,background,boundary+high_pdi,,
54,574,0127vd,53,5224.0,0127vd_12332_2025_01_25_17_18_37_171353_RGB_640_480_3.png,0127vd_12329_2025_01_25_17_18_36_884677_RGB_640_480_3.png,0127vd_12330_2025_01_25_17_18_36_976572_RGB_640_480_3.png,0127vd_12331_2025_01_25_17_18_37_073432_RGB_640_480_3.png,0127vd_12333_2025_01_25_17_18_37_256371_RGB_640_480_3.png,0127vd_12334_2025_01_25_17_18_37_353515_RGB_640_480_3.png,0127vd_12335_2025_01_25_17_18_37_461462_RGB_640_480_3.png,background,high_pdi,,
55,584,0128,86,8669.0,0128_2755_2025_01_25_10_50_05_174906_RGB_640_480_3.png,0128_2752_2025_01_25_10_50_04_881565_RGB_640_480_3.png,0128_2753_2025_01_25_10_50_04_985122_RGB_640_480_3.png,0128_2754_2025_01_25_10_50_05_076563_RGB_640_480_3.png,0128_2756_2025_01_25_10_50_05_275056_RGB_640_480_3.png,0128_2757_2025_01_25_10_50_05_371183_RGB_640_480_3.png,0128_2758_2025_01_25_10_50_05_480344_RGB_640_480_3.png,background,boundary+high_pdi,,
56,587,0128vd,24,2398.0,0128vd_12480_2025_01_25_17_19_33_430913_RGB_640_480_3.png,0128vd_12477_2025_01_25_17_19_33_140663_RGB_640_480_3.png,0128vd_12478_2025_01_25_17_19_33_234572_RGB_640_480_3.png,0128vd_12479_2025_01_25_17_19_33_341712_RGB_640_480_3.png,0128vd_12481_2025_01_25_17_19_33_538853_RGB_640_480_3.png,0128vd_12482_2025_01_25_17_19_33_634040_RGB_640_480_3.png,0128vd_12483_2025_01_25_17_19_33_732586_RGB_640_480_3.png,background,high_pdi,,
57,588,0128vd,26,2601.0,0128vd_12482_2025_01_25_17_19_33_634040_RGB_640_480_3.png,0128vd_12479_2025_01_25_17_19_33_341712_RGB_640_480_3.png,0128vd_12480_2025_01_25_17_19_33_430913_RGB_640_480_3.png,0128vd_12481_2025_01_25_17_19_33_538853_RGB_640_480_3.png,0128vd_12483_2025_01_25_17_19_33_732586_RGB_640_480_3.png,0128vd_12484_2025_01_25_17_19_33_827373_RGB_640_480_3.png,0128vd_12485_2025_01_25_17_19_33_931554_RGB_640_480_3.png,background,boundary+high_pdi,,
58,589,0128vd,27,2699.0,0128vd_12483_2025_01_25_17_19_33_732586_RGB_640_480_3.png,0128vd_12480_2025_01_25_17_19_33_430913_RGB_640_480_3.png,0128vd_12481_2025_01_25_17_19_33_538853_RGB_640_480_3.png,0128vd_12482_2025_01_25_17_19_33_634040_RGB_640_480_3.png,0128vd_12484_2025_01_25_17_19_33_827373_RGB_640_480_3.png,0128vd_12485_2025_01_25_17_19_33_931554_RGB_640_480_3.png,0128vd_12486_2025_01_25_17_19_34_027536_RGB_640_480_3.png,background,boundary+high_pdi,,
59,606,0131az,24,2274.0,0131az_12223_2025_01_25_17_18_12_251447_RGB_640_480_3.png,0131az_12220_2025_01_25_17_18_11_966182_RGB_640_480_3.png,0131az_12221_2025_01_25_17_18_12_068546_RGB_640_480_3.png,0131az_12222_2025_01_25_17_18_12_158161_RGB_640_480_3.png,0131az_12224_2025_01_25_17_18_12_338132_RGB_640_480_3.png,0131az_12225_2025_01_25_17_18_12_452533_RGB_640_480_3.png,0131az_12226_2025_01_25_17_18_12_549449_RGB_640_480_3.png,background,high_pdi,,
60,619,0133az,36,3497.0,0133az_12972_2025_01_25_17_22_25_928565_RGB_640_480_3.png,0133az_12968_2025_01_25_17_22_25_544586_RGB_640_480_3.png,0133az_12970_2025_01_25_17_22_25_734440_RGB_640_480_3.png,0133az_12971_2025_01_25_17_22_25_830248_RGB_640_480_3.png,0133az_12973_2025_01_25_17_22_26_036423_RGB_640_480_3.png,0133az_12974_2025_01_25_17_22_26_144361_RGB_640_480_3.png,0133az_12975_2025_01_25_17_22_26_251687_RGB_640_480_3.png,background,boundary,,
61,629,0135az,29,3914.0,0135az_12162_2025_01_25_17_17_19_894259_RGB_640_480_3.png,0135az_12159_2025_01_25_17_17_19_585442_RGB_640_480_3.png,0135az_12160_2025_01_25_17_17_19_693753_RGB_640_480_3.png,0135az_12161_2025_01_25_17_17_19_792069_RGB_640_480_3.png,0135az_12163_2025_01_25_17_17_19_989995_RGB_640_480_3.png,,,background,boundary+high_pdi,,
62,634,0137az,95,9560.0,0137az_12066_2025_01_25_17_16_34_020212_RGB_640_480_3.png,0137az_12063_2025_01_25_17_16_33_715233_RGB_640_480_3.png,0137az_12064_2025_01_25_17_16_33_811668_RGB_640_480_3.png,0137az_12065_2025_01_25_17_16_33_907967_RGB_640_480_3.png,0137az_12067_2025_01_25_17_16_34_115197_RGB_640_480_3.png,0137az_12068_2025_01_25_17_16_34_213396_RGB_640_480_3.png,0137az_12069_2025_01_25_17_16_34_307323_RGB_640_480_3.png,background,boundary+high_pdi,,
63,635,0137az,96,9655.0,0137az_12067_2025_01_25_17_16_34_115197_RGB_640_480_3.png,0137az_12064_2025_01_25_17_16_33_811668_RGB_640_480_3.png,0137az_12065_2025_01_25_17_16_33_907967_RGB_640_480_3.png,0137az_12066_2025_01_25_17_16_34_020212_RGB_640_480_3.png,0137az_12068_2025_01_25_17_16_34_213396_RGB_640_480_3.png,0137az_12069_2025_01_25_17_16_34_307323_RGB_640_480_3.png,0137az_12070_2025_01_25_17_16_34_414359_RGB_640_480_3.png,background,boundary+high_pdi,,
64,637,0137az,103,10375.0,0137az_12074_2025_01_25_17_16_34_835433_RGB_640_480_3.png,0137az_12071_2025_01_25_17_16_34_511716_RGB_640_480_3.png,0137az_12072_2025_01_25_17_16_34_630591_RGB_640_480_3.png,0137az_12073_2025_01_25_17_16_34_727953_RGB_640_480_3.png,0137az_12075_2025_01_25_17_16_34_949881_RGB_640_480_3.png,0137az_12076_2025_01_25_17_16_35_051324_RGB_640_480_3.png,0137az_12077_2025_01_25_17_16_35_148779_RGB_640_480_3.png,background,high_pdi,,
65,644,0138azs2,16,1547.0,0138az_12906_2025_01_25_17_21_58_601373_RGB_640_480_3.png,0138az_12903_2025_01_25_17_21_58_295884_RGB_640_480_3.png,0138az_12904_2025_01_25_17_21_58_393572_RGB_640_480_3.png,0138az_12905_2025_01_25_17_21_58_491135_RGB_640_480_3.png,0138az_12907_2025_01_25_17_21_58_707160_RGB_640_480_3.png,0138az_12908_2025_01_25_17_21_58_807525_RGB_640_480_3.png,0138az_12909_2025_01_25_17_21_58_896948_RGB_640_480_3.png,background,high_pdi,,
66,648,0138azs2,22,2140.0,0138az_12912_2025_01_25_17_21_59_194354_RGB_640_480_3.png,0138az_12909_2025_01_25_17_21_58_896948_RGB_640_480_3.png,0138az_12910_2025_01_25_17_21_59_010388_RGB_640_480_3.png,0138az_12911_2025_01_25_17_21_59_096544_RGB_640_480_3.png,0138az_12913_2025_01_25_17_21_59_294242_RGB_640_480_3.png,0138az_12914_2025_01_25_17_21_59_394498_RGB_640_480_3.png,0138az_12915_2025_01_25_17_21_59_492940_RGB_640_480_3.png,background,boundary+high_pdi,,
67,657,0140qz,27,2744.0,0140qz_11034_2025_01_25_17_12_13_963960_RGB_640_480_3.png,0140qz_11031_2025_01_25_17_12_13_670550_RGB_640_480_3.png,0140qz_11032_2025_01_25_17_12_13_775029_RGB_640_480_3.png,0140qz_11033_2025_01_25_17_12_13_867025_RGB_640_480_3.png,0140qz_11035_2025_01_25_17_12_14_060562_RGB_640_480_3.png,0140qz_11036_2025_01_25_17_12_14_153101_RGB_640_480_3.png,0140qz_11037_2025_01_25_17_12_14_239532_RGB_640_480_3.png,background,boundary,,
68,666,0141az,52,5245.0,0141az_12449_2025_01_25_17_19_06_788092_RGB_640_480_3.png,0141az_12446_2025_01_25_17_19_06_485182_RGB_640_480_3.png,0141az_12447_2025_01_25_17_19_06_586077_RGB_640_480_3.png,0141az_12448_2025_01_25_17_19_06_687530_RGB_640_480_3.png,0141az_12450_2025_01_25_17_19_06_889314_RGB_640_480_3.png,0141az_12451_2025_01_25_17_19_06_990492_RGB_640_480_3.png,0141az_12452_2025_01_25_17_19_07_080575_RGB_640_480_3.png,background,high_pdi,,
69,673,014bmf,59,5956.0,014bmf_13362_2025_01_25_17_30_00_451470_RGB_640_480_3.png,014bmf_13359_2025_01_25_17_30_00_142727_RGB_640_480_3.png,014bmf_13360_2025_01_25_17_30_00_255537_RGB_640_480_3.png,014bmf_13361_2025_01_25_17_30_00_358509_RGB_640_480_3.png,014bmf_13363_2025_01_25_17_30_00_541904_RGB_640_480_3.png,014bmf_13364_2025_01_25_17_30_00_638768_RGB_640_480_3.png,014bmf_13365_2025_01_25_17_30_00_741952_RGB_640_480_3.png,background,boundary+high_pdi,,
70,674,014bmf,62,6246.0,014bmf_13365_2025_01_25_17_30_00_741952_RGB_640_480_3.png,014bmf_13362_2025_01_25_17_30_00_451470_RGB_640_480_3.png,014bmf_13363_2025_01_25_17_30_00_541904_RGB_640_480_3.png,014bmf_13364_2025_01_25_17_30_00_638768_RGB_640_480_3.png,,,,background,high_pdi,,
71,683,0183,114,11452.0,0183_2937_2025_01_25_10_51_08_278146_RGB_640_480_3.png,0183_2934_2025_01_25_10_51_07_983886_RGB_640_480_3.png,0183_2935_2025_01_25_10_51_08_081209_RGB_640_480_3.png,0183_2936_2025_01_25_10_51_08_187496_RGB_640_480_3.png,0183_2938_2025_01_25_10_51_08_380447_RGB_640_480_3.png,0183_2939_2025_01_25_10_51_08_483453_RGB_640_480_3.png,0183_2940_2025_01_25_10_51_08_580599_RGB_640_480_3.png,background,boundary,,
72,697,0186,48,4862.0,0186_888_2025_01_25_10_40_37_610922_RGB_640_480_3.png,0186_885_2025_01_25_10_40_37_302083_RGB_640_480_3.png,0186_886_2025_01_25_10_40_37_407205_RGB_640_480_3.png,0186_887_2025_01_25_10_40_37_507991_RGB_640_480_3.png,0186_889_2025_01_25_10_40_37_714938_RGB_640_480_3.png,0186_890_2025_01_25_10_40_37_829182_RGB_640_480_3.png,0186_891_2025_01_25_10_40_37_946348_RGB_640_480_3.png,background,boundary,,
73,699,0188,22,2377.0,0188_1934_2025_01_25_10_45_49_470350_RGB_640_480_3.png,0188_1931_2025_01_25_10_45_49_162588_RGB_640_480_3.png,0188_1932_2025_01_25_10_45_49_270116_RGB_640_480_3.png,0188_1933_2025_01_25_10_45_49_372777_RGB_640_480_3.png,0188_1935_2025_01_25_10_45_49_565708_RGB_640_480_3.png,0188_1936_2025_01_25_10_45_49_664888_RGB_640_480_3.png,0188_1937_2025_01_25_10_45_49_763764_RGB_640_480_3.png,background,boundary,,
74,708,0192,13,2901.0,192_2990_2025_01_25_10_51_22_560205_RGB_640_480_3.png,192_2987_2025_01_25_10_51_22_252883_RGB_640_480_3.png,192_2988_2025_01_25_10_51_22_352324_RGB_640_480_3.png,192_2989_2025_01_25_10_51_22_458674_RGB_640_480_3.png,192_2991_2025_01_25_10_51_22_668712_RGB_640_480_3.png,192_2992_2025_01_25_10_51_22_773992_RGB_640_480_3.png,192_2993_2025_01_25_10_51_22_877056_RGB_640_480_3.png,background,boundary+high_pdi,,
75,715,0197,57,5568.0,0197_17049_2025_01_26_09_15_29_402282_RGB_640_480_3.png,0197_17046_2025_01_26_09_15_29_108813_RGB_640_480_3.png,0197_17047_2025_01_26_09_15_29_215023_RGB_640_480_3.png,0197_17048_2025_01_26_09_15_29_310514_RGB_640_480_3.png,0197_17050_2025_01_26_09_15_29_513731_RGB_640_480_3.png,0197_17051_2025_01_26_09_15_29_609943_RGB_640_480_3.png,0197_17052_2025_01_26_09_15_29_715990_RGB_640_480_3.png,background,high_pdi,,
76,716,0197,60,5882.0,0197_17052_2025_01_26_09_15_29_715990_RGB_640_480_3.png,0197_17049_2025_01_26_09_15_29_402282_RGB_640_480_3.png,0197_17050_2025_01_26_09_15_29_513731_RGB_640_480_3.png,0197_17051_2025_01_26_09_15_29_609943_RGB_640_480_3.png,0197_17053_2025_01_26_09_15_29_813507_RGB_640_480_3.png,0197_17054_2025_01_26_09_15_29_918233_RGB_640_480_3.png,0197_17055_2025_01_26_09_15_30_023190_RGB_640_480_3.png,background,boundary+high_pdi,,
77,719,0197,72,7181.0,0197_17065_2025_01_26_09_15_31_014295_RGB_640_480_3.png,0197_17062_2025_01_26_09_15_30_722233_RGB_640_480_3.png,0197_17063_2025_01_26_09_15_30_822643_RGB_640_480_3.png,0197_17064_2025_01_26_09_15_30_920064_RGB_640_480_3.png,0197_17066_2025_01_26_09_15_31_109465_RGB_640_480_3.png,0197_17067_2025_01_26_09_15_31_214495_RGB_640_480_3.png,0197_17068_2025_01_26_09_15_31_316858_RGB_640_480_3.png,background,boundary+high_pdi,,
78,730,0200,41,4122.0,0200_15550_2025_01_26_09_07_56_295037_RGB_640_480_3.png,0200_15547_2025_01_26_09_07_55_985173_RGB_640_480_3.png,0200_15548_2025_01_26_09_07_56_086989_RGB_640_480_3.png,0200_15549_2025_01_26_09_07_56_195325_RGB_640_480_3.png,0200_15551_2025_01_26_09_07_56_402976_RGB_640_480_3.png,0200_15552_2025_01_26_09_07_56_513133_RGB_640_480_3.png,0200_15553_2025_01_26_09_07_56_614538_RGB_640_480_3.png,background,high_pdi,,
79,734,0200,45,4541.0,0200_15554_2025_01_26_09_07_56_714026_RGB_640_480_3.png,0200_15551_2025_01_26_09_07_56_402976_RGB_640_480_3.png,0200_15552_2025_01_26_09_07_56_513133_RGB_640_480_3.png,0200_15553_2025_01_26_09_07_56_614538_RGB_640_480_3.png,0200_15555_2025_01_26_09_07_56_816569_RGB_640_480_3.png,0200_15556_2025_01_26_09_07_56_923006_RGB_640_480_3.png,0200_15557_2025_01_26_09_07_57_021701_RGB_640_480_3.png,background,boundary+high_pdi,,
80,738,0200,71,7331.0,0200_15580_2025_01_26_09_07_59_503572_RGB_640_480_3.png,0200_15577_2025_01_26_09_07_59_185347_RGB_640_480_3.png,0200_15578_2025_01_26_09_07_59_293468_RGB_640_480_3.png,0200_15579_2025_01_26_09_07_59_402695_RGB_640_480_3.png,0200_15581_2025_01_26_09_07_59_610012_RGB_640_480_3.png,0200_15582_2025_01_26_09_07_59_720420_RGB_640_480_3.png,0200_15583_2025_01_26_09_07_59_833364_RGB_640_480_3.png,background,boundary+high_pdi,,
81,745,0210,52,5231.0,0210_15751_2025_01_26_09_08_56_983373_RGB_640_480_3.png,0210_15748_2025_01_26_09_08_56_678883_RGB_640_480_3.png,0210_15749_2025_01_26_09_08_56_785077_RGB_640_480_3.png,0210_15750_2025_01_26_09_08_56_885663_RGB_640_480_3.png,0210_15752_2025_01_26_09_08_57_084692_RGB_640_480_3.png,0210_15753_2025_01_26_09_08_57_182989_RGB_640_480_3.png,0210_15754_2025_01_26_09_08_57_280570_RGB_640_480_3.png,background,boundary,,
82,750,0214,25,7339.0,0214_17603_2025_01_26_09_31_54_681051_RGB_640_480_3.png,0214_17600_2025_01_26_09_31_54_387660_RGB_640_480_3.png,0214_17601_2025_01_26_09_31_54_482346_RGB_640_480_3.png,0214_17602_2025_01_26_09_31_54_582572_RGB_640_480_3.png,0214_17604_2025_01_26_09_31_54_779373_RGB_640_480_3.png,0214_17605_2025_01_26_09_31_54_875979_RGB_640_480_3.png,0214_17606_2025_01_26_09_31_54_988953_RGB_640_480_3.png,background,high_pdi,,
83,753,0214,28,7647.0,0214_17606_2025_01_26_09_31_54_988953_RGB_640_480_3.png,0214_17603_2025_01_26_09_31_54_681051_RGB_640_480_3.png,0214_17604_2025_01_26_09_31_54_779373_RGB_640_480_3.png,0214_17605_2025_01_26_09_31_54_875979_RGB_640_480_3.png,0214_17607_2025_01_26_09_31_55_096385_RGB_640_480_3.png,0214_17608_2025_01_26_09_31_55_201338_RGB_640_480_3.png,0214_17609_2025_01_26_09_31_55_301418_RGB_640_480_3.png,background,boundary+high_pdi,,
84,754,0214,29,7754.0,0214_17607_2025_01_26_09_31_55_096385_RGB_640_480_3.png,0214_17604_2025_01_26_09_31_54_779373_RGB_640_480_3.png,0214_17605_2025_01_26_09_31_54_875979_RGB_640_480_3.png,0214_17606_2025_01_26_09_31_54_988953_RGB_640_480_3.png,0214_17608_2025_01_26_09_31_55_201338_RGB_640_480_3.png,0214_17609_2025_01_26_09_31_55_301418_RGB_640_480_3.png,0214_17610_2025_01_26_09_31_55_395574_RGB_640_480_3.png,background,boundary+high_pdi,,
85,762,0217,63,6698.0,0217_15993_2025_01_26_09_10_14_034402_RGB_640_480_3.png,0217_15990_2025_01_26_09_10_13_727419_RGB_640_480_3.png,0217_15991_2025_01_26_09_10_13_827428_RGB_640_480_3.png,0217_15992_2025_01_26_09_10_13_927707_RGB_640_480_3.png,0217_15995_2025_01_26_09_10_14_244999_RGB_640_480_3.png,0217_15996_2025_01_26_09_10_14_346473_RGB_640_480_3.png,0217_15997_2025_01_26_09_10_14_455567_RGB_640_480_3.png,background,high_pdi,,
86,763,0217,64,6909.0,0217_15995_2025_01_26_09_10_14_244999_RGB_640_480_3.png,0217_15991_2025_01_26_09_10_13_827428_RGB_640_480_3.png,0217_15992_2025_01_26_09_10_13_927707_RGB_640_480_3.png,0217_15993_2025_01_26_09_10_14_034402_RGB_640_480_3.png,0217_15996_2025_01_26_09_10_14_346473_RGB_640_480_3.png,0217_15997_2025_01_26_09_10_14_455567_RGB_640_480_3.png,0217_15998_2025_01_26_09_10_14_551787_RGB_640_480_3.png,background,boundary+high_pdi,,
87,774,0219,43,4278.0,0219_2504_2025_01_25_10_49_05_081716_RGB_640_480_3.png,0219_2501_2025_01_25_10_49_04_780039_RGB_640_480_3.png,0219_2502_2025_01_25_10_49_04_878877_RGB_640_480_3.png,0219_2503_2025_01_25_10_49_04_987693_RGB_640_480_3.png,0219_2505_2025_01_25_10_49_05_176655_RGB_640_480_3.png,0219_2506_2025_01_25_10_49_05_278770_RGB_640_480_3.png,0219_2507_2025_01_25_10_49_05_385156_RGB_640_480_3.png,background,boundary,,
88,790,0262,78,7576.0,0262_15065_2025_01_26_09_04_25_001576_RGB_640_480_3.png,0262_15062_2025_01_26_09_04_24_692526_RGB_640_480_3.png,0262_15063_2025_01_26_09_04_24_796776_RGB_640_480_3.png,0262_15064_2025_01_26_09_04_24_895890_RGB_640_480_3.png,0262_15066_2025_01_26_09_04_25_098609_RGB_640_480_3.png,0262_15067_2025_01_26_09_04_25_205896_RGB_640_480_3.png,0262_15068_2025_01_26_09_04_25_299026_RGB_640_480_3.png,background,high_pdi,,
89,794,0262,82,7978.0,0262_15069_2025_01_26_09_04_25_403368_RGB_640_480_3.png,0262_15066_2025_01_26_09_04_25_098609_RGB_640_480_3.png,0262_15067_2025_01_26_09_04_25_205896_RGB_640_480_3.png,0262_15068_2025_01_26_09_04_25_299026_RGB_640_480_3.png,0262_15070_2025_01_26_09_04_25_505104_RGB_640_480_3.png,0262_15071_2025_01_26_09_04_25_598798_RGB_640_480_3.png,0262_15072_2025_01_26_09_04_25_690879_RGB_640_480_3.png,background,boundary+high_pdi,,
90,799,0262,166,16351.0,0262_15153_2025_01_26_09_04_33_775748_RGB_640_480_3.png,0262_15150_2025_01_26_09_04_33_487000_RGB_640_480_3.png,0262_15151_2025_01_26_09_04_33_578812_RGB_640_480_3.png,0262_15152_2025_01_26_09_04_33_682488_RGB_640_480_3.png,0262_15154_2025_01_26_09_04_33_867508_RGB_640_480_3.png,0262_15155_2025_01_26_09_04_33_969200_RGB_640_480_3.png,0262_15156_2025_01_26_09_04_34_062346_RGB_640_480_3.png,background,boundary+high_pdi,,
91,806,0263,19,1736.0,263_4766_2025_01_25_11_06_12_470435_RGB_640_480_3.png,263_4763_2025_01_25_11_06_12_190296_RGB_640_480_3.png,263_4764_2025_01_25_11_06_12_281181_RGB_640_480_3.png,263_4765_2025_01_25_11_06_12_382013_RGB_640_480_3.png,263_4767_2025_01_25_11_06_12_588080_RGB_640_480_3.png,263_4768_2025_01_25_11_06_12_685470_RGB_640_480_3.png,263_4769_2025_01_25_11_06_12_780112_RGB_640_480_3.png,background,high_pdi,,
92,811,0263,36,3425.0,263_4783_2025_01_25_11_06_14_159673_RGB_640_480_3.png,263_4780_2025_01_25_11_06_13_856160_RGB_640_480_3.png,263_4781_2025_01_25_11_06_13_958745_RGB_640_480_3.png,263_4782_2025_01_25_11_06_14_061359_RGB_640_480_3.png,263_4784_2025_01_25_11_06_14_262060_RGB_640_480_3.png,263_4785_2025_01_25_11_06_14_361896_RGB_640_480_3.png,263_4786_2025_01_25_11_06_14_462743_RGB_640_480_3.png,background,boundary+high_pdi,,
93,830,02mf,59,5885.0,2mf_14303_2025_01_25_17_43_35_859094_RGB_640_480_3.png,2mf_14300_2025_01_25_17_43_35_546073_RGB_640_480_3.png,2mf_14301_2025_01_25_17_43_35_641762_RGB_640_480_3.png,2mf_14302_2025_01_25_17_43_35_745232_RGB_640_480_3.png,2mf_14304_2025_01_25_17_43_35_952541_RGB_640_480_3.png,2mf_14305_2025_01_25_17_43_36_059198_RGB_640_480_3.png,2mf_14306_2025_01_25_17_43_36_157097_RGB_640_480_3.png,background,boundary,,
94,832,03mf,28,2616.0,3mf_14338_2025_01_25_17_44_30_632837_RGB_640_480_3.png,3mf_14335_2025_01_25_17_44_30_352228_RGB_640_480_3.png,3mf_14336_2025_01_25_17_44_30_443015_RGB_640_480_3.png,3mf_14337_2025_01_25_17_44_30_537523_RGB_640_480_3.png,3mf_14339_2025_01_25_17_44_30_735175_RGB_640_480_3.png,3mf_14340_2025_01_25_17_44_30_833811_RGB_640_480_3.png,3mf_14341_2025_01_25_17_44_30_931156_RGB_640_480_3.png,background,boundary,,
95,857,0458,51,5114.0,0458_3954_2025_01_25_11_00_24_012217_RGB_640_480_3.png,0458_3951_2025_01_25_11_00_23_700224_RGB_640_480_3.png,0458_3952_2025_01_25_11_00_23_817100_RGB_640_480_3.png,0458_3953_2025_01_25_11_00_23_914302_RGB_640_480_3.png,0458_3955_2025_01_25_11_00_24_106995_RGB_640_480_3.png,0458_3956_2025_01_25_11_00_24_215402_RGB_640_480_3.png,0458_3957_2025_01_25_11_00_24_314557_RGB_640_480_3.png,background,boundary,,
96,861,0463,97,9772.0,0463_1648_2025_01_25_10_44_28_155732_RGB_640_480_3.png,0463_1645_2025_01_25_10_44_27_844463_RGB_640_480_3.png,0463_1646_2025_01_25_10_44_27_955941_RGB_640_480_3.png,0463_1647_2025_01_25_10_44_28_057128_RGB_640_480_3.png,0463_1649_2025_01_25_10_44_28_261353_RGB_640_480_3.png,0463_1650_2025_01_25_10_44_28_353990_RGB_640_480_3.png,0463_1651_2025_01_25_10_44_28_451214_RGB_640_480_3.png,background,high_pdi,,
97,870,0468,31,3045.0,0468_757_2025_01_25_10_39_50_687614_RGB_640_480_3.png,0468_754_2025_01_25_10_39_50_366141_RGB_640_480_3.png,0468_755_2025_01_25_10_39_50_473183_RGB_640_480_3.png,0468_756_2025_01_25_10_39_50_573413_RGB_640_480_3.png,0468_758_2025_01_25_10_39_50_798400_RGB_640_480_3.png,0468_759_2025_01_25_10_39_50_911178_RGB_640_480_3.png,0468_760_2025_01_25_10_39_51_006817_RGB_640_480_3.png,background,boundary,,
98,875,0472,87,8458.0,0472_5275_2025_01_25_11_08_22_693515_RGB_640_480_3.png,0472_5272_2025_01_25_11_08_22_390620_RGB_640_480_3.png,0472_5273_2025_01_25_11_08_22_493055_RGB_640_480_3.png,0472_5274_2025_01_25_11_08_22_587065_RGB_640_480_3.png,0472_5276_2025_01_25_11_08_22_792709_RGB_640_480_3.png,0472_5277_2025_01_25_11_08_22_896920_RGB_640_480_3.png,0472_5278_2025_01_25_11_08_22_991027_RGB_640_480_3.png,background,boundary,,
99,891,04mf,35,3486.0,4mf_14401_2025_01_25_17_45_06_317026_RGB_640_480_3.png,4mf_14398_2025_01_25_17_45_05_995150_RGB_640_480_3.png,4mf_14399_2025_01_25_17_45_06_098332_RGB_640_480_3.png,4mf_14400_2025_01_25_17_45_06_208186_RGB_640_480_3.png,4mf_14402_2025_01_25_17_45_06_408416_RGB_640_480_3.png,4mf_14403_2025_01_25_17_45_06_503974_RGB_640_480_3.png,4mf_14404_2025_01_25_17_45_06_614917_RGB_640_480_3.png,background,boundary,,
100,903,0504,85,8303.0,504_5695_2025_01_25_11_11_09_546317_RGB_640_480_3.png,504_5692_2025_01_25_11_11_09_248354_RGB_640_480_3.png,504_5693_2025_01_25_11_11_09_345397_RGB_640_480_3.png,504_5694_2025_01_25_11_11_09_445656_RGB_640_480_3.png,504_5696_2025_01_25_11_11_09_641929_RGB_640_480_3.png,504_5697_2025_01_25_11_11_09_739606_RGB_640_480_3.png,504_5698_2025_01_25_11_11_09_841670_RGB_640_480_3.png,background,boundary,,
101,907,0505,26,2382.0,505_3218_2025_01_25_10_53_18_623104_RGB_640_480_3.png,505_3215_2025_01_25_10_53_18_310200_RGB_640_480_3.png,505_3216_2025_01_25_10_53_18_415680_RGB_640_480_3.png,505_3217_2025_01_25_10_53_18_513548_RGB_640_480_3.png,505_3219_2025_01_25_10_53_18_724166_RGB_640_480_3.png,505_3220_2025_01_25_10_53_18_819079_RGB_640_480_3.png,505_3221_2025_01_25_10_53_18_916200_RGB_640_480_3.png,background,high_pdi,,
102,921,0506vd,50,5124.0,0506vd_8882_2025_01_25_16_59_04_213702_RGB_640_480_3.png,0506vd_8879_2025_01_25_16_59_03_911071_RGB_640_480_3.png,0506vd_8880_2025_01_25_16_59_04_006255_RGB_640_480_3.png,0506vd_8881_2025_01_25_16_59_04_107367_RGB_640_480_3.png,0506vd_8883_2025_01_25_16_59_04_311972_RGB_640_480_3.png,0506vd_8884_2025_01_25_16_59_04_409004_RGB_640_480_3.png,0506vd_8885_2025_01_25_16_59_04_502163_RGB_640_480_3.png,background,high_pdi,,
103,923,0507,21,2097.0,507_3027_2025_01_25_10_51_39_877317_RGB_640_480_3.png,507_3023_2025_01_25_10_51_39_489858_RGB_640_480_3.png,507_3024_2025_01_25_10_51_39_593347_RGB_640_480_3.png,507_3026_2025_01_25_10_51_39_778493_RGB_640_480_3.png,507_3028_2025_01_25_10_51_39_978881_RGB_640_480_3.png,507_3029_2025_01_25_10_51_40_077438_RGB_640_480_3.png,507_3030_2025_01_25_10_51_40_183185_RGB_640_480_3.png,background,boundary,,
104,929,0508,45,4724.0,508_4016_2025_01_25_11_00_54_224294_RGB_640_480_3.png,508_4013_2025_01_25_11_00_53_946012_RGB_640_480_3.png,508_4014_2025_01_25_11_00_54_042663_RGB_640_480_3.png,508_4015_2025_01_25_11_00_54_132615_RGB_640_480_3.png,508_4017_2025_01_25_11_00_54_335081_RGB_640_480_3.png,508_4018_2025_01_25_11_00_54_436722_RGB_640_480_3.png,508_4019_2025_01_25_11_00_54_544144_RGB_640_480_3.png,background,boundary,,
105,942,0511,41,3974.0,511_3182_2025_01_25_10_53_09_999878_RGB_640_480_3.png,511_3179_2025_01_25_10_53_09_697132_RGB_640_480_3.png,511_3180_2025_01_25_10_53_09_804810_RGB_640_480_3.png,511_3181_2025_01_25_10_53_09_904439_RGB_640_480_3.png,511_3183_2025_01_25_10_53_10_106873_RGB_640_480_3.png,511_3184_2025_01_25_10_53_10_212346_RGB_640_480_3.png,511_3185_2025_01_25_10_53_10_307681_RGB_640_480_3.png,background,boundary,,
106,953,0605az,64,6488.0,0605az_9611_2025_01_25_17_03_07_611694_RGB_640_480_3.png,0605az_9608_2025_01_25_17_03_07_290345_RGB_640_480_3.png,0605az_9609_2025_01_25_17_03_07_407186_RGB_640_480_3.png,0605az_9610_2025_01_25_17_03_07_507640_RGB_640_480_3.png,0605az_9612_2025_01_25_17_03_07_727755_RGB_640_480_3.png,0605az_9613_2025_01_25_17_03_07_835437_RGB_640_480_3.png,0605az_9614_2025_01_25_17_03_07_952280_RGB_640_480_3.png,background,high_pdi,,
107,960,0606az,137,13630.0,0606az_7259_2025_01_25_16_53_08_165528_RGB_640_480_3.png,0606az_7256_2025_01_25_16_53_07_851139_RGB_640_480_3.png,0606az_7257_2025_01_25_16_53_07_961051_RGB_640_480_3.png,0606az_7258_2025_01_25_16_53_08_069494_RGB_640_480_3.png,0606az_7260_2025_01_25_16_53_08_271336_RGB_640_480_3.png,0606az_7261_2025_01_25_16_53_08_366409_RGB_640_480_3.png,0606az_7262_2025_01_25_16_53_08_463021_RGB_640_480_3.png,background,high_pdi,,
108,964,0606az,153,15250.0,0606az_7275_2025_01_25_16_53_09_785411_RGB_640_480_3.png,0606az_7272_2025_01_25_16_53_09_481941_RGB_640_480_3.png,0606az_7273_2025_01_25_16_53_09_580134_RGB_640_480_3.png,0606az_7274_2025_01_25_16_53_09_685344_RGB_640_480_3.png,0606az_7276_2025_01_25_16_53_09_878996_RGB_640_480_3.png,0606az_7277_2025_01_25_16_53_09_984252_RGB_640_480_3.png,0606az_7278_2025_01_25_16_53_10_079100_RGB_640_480_3.png,background,boundary+high_pdi,,
109,972,0607az,52,5215.0,0607az_11492_2025_01_25_17_14_15_239177_RGB_640_480_3.png,0607az_11489_2025_01_25_17_14_14_939906_RGB_640_480_3.png,0607az_11490_2025_01_25_17_14_15_031914_RGB_640_480_3.png,0607az_11491_2025_01_25_17_14_15_138274_RGB_640_480_3.png,0607az_11493_2025_01_25_17_14_15_337367_RGB_640_480_3.png,0607az_11494_2025_01_25_17_14_15_432924_RGB_640_480_3.png,0607az_11495_2025_01_25_17_14_15_521496_RGB_640_480_3.png,background,boundary,,
110,973,0608az,44,4959.0,0608az_11411_2025_01_25_17_13_59_713947_RGB_640_480_3.png,0608az_11408_2025_01_25_17_13_59_412500_RGB_640_480_3.png,0608az_11409_2025_01_25_17_13_59_512669_RGB_640_480_3.png,0608az_11410_2025_01_25_17_13_59_614763_RGB_640_480_3.png,0608az_11412_2025_01_25_17_13_59_811600_RGB_640_480_3.png,0608az_11413_2025_01_25_17_13_59_914643_RGB_640_480_3.png,0608az_11414_2025_01_25_17_14_00_026173_RGB_640_480_3.png,background,high_pdi,,
111,992,0741,34,3276.0,741_17493_2025_01_26_09_31_20_359307_RGB_640_480_3.png,741_17490_2025_01_26_09_31_20_047801_RGB_640_480_3.png,741_17491_2025_01_26_09_31_20_149001_RGB_640_480_3.png,741_17492_2025_01_26_09_31_20_261029_RGB_640_480_3.png,741_17494_2025_01_26_09_31_20_447430_RGB_640_480_3.png,741_17495_2025_01_26_09_31_20_558839_RGB_640_480_3.png,741_17496_2025_01_26_09_31_20_647052_RGB_640_480_3.png,background,high_pdi,,
112,995,0741,37,3564.0,741_17496_2025_01_26_09_31_20_647052_RGB_640_480_3.png,741_17493_2025_01_26_09_31_20_359307_RGB_640_480_3.png,741_17494_2025_01_26_09_31_20_447430_RGB_640_480_3.png,741_17495_2025_01_26_09_31_20_558839_RGB_640_480_3.png,741_17497_2025_01_26_09_31_20_749967_RGB_640_480_3.png,741_17498_2025_01_26_09_31_20_853889_RGB_640_480_3.png,741_17499_2025_01_26_09_31_20_955432_RGB_640_480_3.png,background,boundary+high_pdi,,
113,996,0741,54,5242.0,741_17513_2025_01_26_09_31_22_324998_RGB_640_480_3.png,741_17510_2025_01_26_09_31_22_035343_RGB_640_480_3.png,741_17511_2025_01_26_09_31_22_126693_RGB_640_480_3.png,741_17512_2025_01_26_09_31_22_222151_RGB_640_480_3.png,741_17514_2025_01_26_09_31_22_426298_RGB_640_480_3.png,741_17515_2025_01_26_09_31_22_523095_RGB_640_480_3.png,741_17516_2025_01_26_09_31_22_617040_RGB_640_480_3.png,background,boundary+high_pdi,,
114,1003,0792,30,2846.0,792_17555_2025_01_26_09_31_33_868210_RGB_640_480_3.png,792_17552_2025_01_26_09_31_33_578967_RGB_640_480_3.png,792_17553_2025_01_26_09_31_33_677207_RGB_640_480_3.png,792_17554_2025_01_26_09_31_33_776360_RGB_640_480_3.png,792_17556_2025_01_26_09_31_33_999652_RGB_640_480_3.png,792_17557_2025_01_26_09_31_34_096369_RGB_640_480_3.png,792_17558_2025_01_26_09_31_34_197380_RGB_640_480_3.png,background,high_pdi,,
115,1006,0792,33,3179.0,792_17558_2025_01_26_09_31_34_197380_RGB_640_480_3.png,792_17555_2025_01_26_09_31_33_868210_RGB_640_480_3.png,792_17556_2025_01_26_09_31_33_999652_RGB_640_480_3.png,792_17557_2025_01_26_09_31_34_096369_RGB_640_480_3.png,792_17559_2025_01_26_09_31_34_300443_RGB_640_480_3.png,792_17560_2025_01_26_09_31_34_402751_RGB_640_480_3.png,792_17561_2025_01_26_09_31_34_496184_RGB_640_480_3.png,background,boundary+high_pdi,,
116,1007,0792,44,4283.0,792_17569_2025_01_26_09_31_35_304787_RGB_640_480_3.png,792_17566_2025_01_26_09_31_34_994519_RGB_640_480_3.png,792_17567_2025_01_26_09_31_35_087881_RGB_640_480_3.png,792_17568_2025_01_26_09_31_35_188745_RGB_640_480_3.png,792_17570_2025_01_26_09_31_35_399598_RGB_640_480_3.png,792_17571_2025_01_26_09_31_35_513966_RGB_640_480_3.png,792_17572_2025_01_26_09_31_35_620331_RGB_640_480_3.png,background,boundary+high_pdi,,
117,1023,0799,36,3479.0,799_1177_2025_01_25_10_42_14_055112_RGB_640_480_3.png,799_1174_2025_01_25_10_42_13_736080_RGB_640_480_3.png,799_1175_2025_01_25_10_42_13_835637_RGB_640_480_3.png,799_1176_2025_01_25_10_42_13_937640_RGB_640_480_3.png,799_1178_2025_01_25_10_42_14_151280_RGB_640_480_3.png,799_1179_2025_01_25_10_42_14_260632_RGB_640_480_3.png,799_1180_2025_01_25_10_42_14_357969_RGB_640_480_3.png,background,boundary,,
118,1027,0806ro,43,4202.0,0806ro_11140_2025_01_25_17_12_36_216027_RGB_640_480_3.png,0806ro_11137_2025_01_25_17_12_35_907410_RGB_640_480_3.png,0806ro_11138_2025_01_25_17_12_36_017215_RGB_640_480_3.png,0806ro_11139_2025_01_25_17_12_36_118207_RGB_640_480_3.png,0806ro_11141_2025_01_25_17_12_36_323182_RGB_640_480_3.png,0806ro_11142_2025_01_25_17_12_36_408574_RGB_640_480_3.png,0806ro_11143_2025_01_25_17_12_36_514273_RGB_640_480_3.png,background,high_pdi,,
119,1040,0903,51,5463.0,903_16547_2025_01_26_09_12_48_034824_RGB_640_480_3.png,903_16543_2025_01_26_09_12_47_634337_RGB_640_480_3.png,903_16545_2025_01_26_09_12_47_821685_RGB_640_480_3.png,903_16546_2025_01_26_09_12_47_936392_RGB_640_480_3.png,903_16548_2025_01_26_09_12_48_135126_RGB_640_480_3.png,903_16549_2025_01_26_09_12_48_228363_RGB_640_480_3.png,903_16550_2025_01_26_09_12_48_328561_RGB_640_480_3.png,background,boundary,,
120,1046,0909,61,6031.0,909_16182_2025_01_26_09_10_56_790054_RGB_640_480_3.png,909_16179_2025_01_26_09_10_56_483154_RGB_640_480_3.png,909_16180_2025_01_26_09_10_56_588962_RGB_640_480_3.png,909_16181_2025_01_26_09_10_56_693702_RGB_640_480_3.png,909_16183_2025_01_26_09_10_56_898461_RGB_640_480_3.png,909_16184_2025_01_26_09_10_56_991236_RGB_640_480_3.png,909_16185_2025_01_26_09_10_57_088214_RGB_640_480_3.png,background,high_pdi,,
121,1048,0909,68,6760.0,909_16189_2025_01_26_09_10_57_518799_RGB_640_480_3.png,909_16186_2025_01_26_09_10_57_197855_RGB_640_480_3.png,909_16187_2025_01_26_09_10_57_315134_RGB_640_480_3.png,909_16188_2025_01_26_09_10_57_421279_RGB_640_480_3.png,909_16190_2025_01_26_09_10_57_623548_RGB_640_480_3.png,909_16191_2025_01_26_09_10_57_726971_RGB_640_480_3.png,909_16192_2025_01_26_09_10_57_832371_RGB_640_480_3.png,background,boundary+high_pdi,,
122,1060,0937,26,2492.0,937_16269_2025_01_26_09_11_11_459442_RGB_640_480_3.png,937_16266_2025_01_26_09_11_11_142818_RGB_640_480_3.png,937_16267_2025_01_26_09_11_11_256239_RGB_640_480_3.png,937_16268_2025_01_26_09_11_11_353627_RGB_640_480_3.png,937_16270_2025_01_26_09_11_11_560898_RGB_640_480_3.png,937_16271_2025_01_26_09_11_11_658820_RGB_640_480_3.png,937_16272_2025_01_26_09_11_11_754919_RGB_640_480_3.png,background,boundary+high_pdi,,
123,1062,0937,37,3653.0,937_16280_2025_01_26_09_11_12_617278_RGB_640_480_3.png,937_16277_2025_01_26_09_11_12_282269_RGB_640_480_3.png,937_16278_2025_01_26_09_11_12_393604_RGB_640_480_3.png,937_16279_2025_01_26_09_11_12_508229_RGB_640_480_3.png,937_16281_2025_01_26_09_11_12_717052_RGB_640_480_3.png,937_16282_2025_01_26_09_11_12_816931_RGB_640_480_3.png,937_16283_2025_01_26_09_11_12_942535_RGB_640_480_3.png,background,boundary+high_pdi,,
124,1065,0937,42,4180.0,937_16285_2025_01_26_09_11_13_143853_RGB_640_480_3.png,937_16282_2025_01_26_09_11_12_816931_RGB_640_480_3.png,937_16283_2025_01_26_09_11_12_942535_RGB_640_480_3.png,937_16284_2025_01_26_09_11_13_041865_RGB_640_480_3.png,937_16286_2025_01_26_09_11_13_250901_RGB_640_480_3.png,,,background,high_pdi,,
125,1072,0955,39,3978.0,955_15204_2025_01_26_09_04_50_999995_RGB_640_480_3.png,955_15201_2025_01_26_09_04_50_706016_RGB_640_480_3.png,955_15202_2025_01_26_09_04_50_802248_RGB_640_480_3.png,955_15203_2025_01_26_09_04_50_898767_RGB_640_480_3.png,955_15205_2025_01_26_09_04_51_101524_RGB_640_480_3.png,955_15206_2025_01_26_09_04_51_194925_RGB_640_480_3.png,955_15207_2025_01_26_09_04_51_289216_RGB_640_480_3.png,background,boundary+high_pdi,,
126,1074,0955,41,4176.0,955_15206_2025_01_26_09_04_51_194925_RGB_640_480_3.png,955_15203_2025_01_26_09_04_50_898767_RGB_640_480_3.png,955_15204_2025_01_26_09_04_50_999995_RGB_640_480_3.png,955_15205_2025_01_26_09_04_51_101524_RGB_640_480_3.png,955_15207_2025_01_26_09_04_51_289216_RGB_640_480_3.png,955_15208_2025_01_26_09_04_51_389444_RGB_640_480_3.png,955_15209_2025_01_26_09_04_51_499750_RGB_640_480_3.png,background,boundary+high_pdi,,
127,1082,0955,55,5681.0,955_15221_2025_01_26_09_04_52_699298_RGB_640_480_3.png,955_15218_2025_01_26_09_04_52_401611_RGB_640_480_3.png,955_15219_2025_01_26_09_04_52_492963_RGB_640_480_3.png,955_15220_2025_01_26_09_04_52_597736_RGB_640_480_3.png,955_15222_2025_01_26_09_04_52_799215_RGB_640_480_3.png,955_15223_2025_01_26_09_04_52_902899_RGB_640_480_3.png,955_15224_2025_01_26_09_04_52_998226_RGB_640_480_3.png,background,high_pdi,,
128,1090,0963,39,3864.0,963_17416_2025_01_26_09_31_06_157505_RGB_640_480_3.png,963_17413_2025_01_26_09_31_05_847829_RGB_640_480_3.png,963_17414_2025_01_26_09_31_05_959437_RGB_640_480_3.png,963_17415_2025_01_26_09_31_06_058193_RGB_640_480_3.png,963_17417_2025_01_26_09_31_06_250798_RGB_640_480_3.png,963_17418_2025_01_26_09_31_06_355778_RGB_640_480_3.png,963_17419_2025_01_26_09_31_06_450403_RGB_640_480_3.png,background,boundary+high_pdi,,
129,1094,0963,76,7587.0,963_17453_2025_01_26_09_31_09_881713_RGB_640_480_3.png,963_17450_2025_01_26_09_31_09_543607_RGB_640_480_3.png,963_17451_2025_01_26_09_31_09_675253_RGB_640_480_3.png,963_17452_2025_01_26_09_31_09_773893_RGB_640_480_3.png,963_17454_2025_01_26_09_31_09_978516_RGB_640_480_3.png,963_17455_2025_01_26_09_31_10_078865_RGB_640_480_3.png,963_17456_2025_01_26_09_31_10_178016_RGB_640_480_3.png,background,boundary+high_pdi,,
130,1095,0963,77,7685.0,963_17454_2025_01_26_09_31_09_978516_RGB_640_480_3.png,963_17451_2025_01_26_09_31_09_675253_RGB_640_480_3.png,963_17452_2025_01_26_09_31_09_773893_RGB_640_480_3.png,963_17453_2025_01_26_09_31_09_881713_RGB_640_480_3.png,963_17455_2025_01_26_09_31_10_078865_RGB_640_480_3.png,963_17456_2025_01_26_09_31_10_178016_RGB_640_480_3.png,963_17457_2025_01_26_09_31_10_286304_RGB_640_480_3.png,background,high_pdi,,
131,1104,0971,50,4713.0,971_5564_2025_01_25_11_10_16_506165_RGB_640_480_3.png,971_5561_2025_01_25_11_10_16_217563_RGB_640_480_3.png,971_5562_2025_01_25_11_10_16_311050_RGB_640_480_3.png,971_5563_2025_01_25_11_10_16_406864_RGB_640_480_3.png,971_5565_2025_01_25_11_10_16_601392_RGB_640_480_3.png,971_5566_2025_01_25_11_10_16_701831_RGB_640_480_3.png,971_5567_2025_01_25_11_10_16_798908_RGB_640_480_3.png,background,boundary+high_pdi,,
132,1105,0971,51,4808.0,971_5565_2025_01_25_11_10_16_601392_RGB_640_480_3.png,971_5562_2025_01_25_11_10_16_311050_RGB_640_480_3.png,971_5563_2025_01_25_11_10_16_406864_RGB_640_480_3.png,971_5564_2025_01_25_11_10_16_506165_RGB_640_480_3.png,971_5566_2025_01_25_11_10_16_701831_RGB_640_480_3.png,971_5567_2025_01_25_11_10_16_798908_RGB_640_480_3.png,971_5568_2025_01_25_11_10_16_895213_RGB_640_480_3.png,background,boundary+high_pdi,,
133,1112,0972,102,10468.0,972_6278_2025_01_25_11_24_36_061843_RGB_640_480_3.png,972_6275_2025_01_25_11_24_35_747403_RGB_640_480_3.png,972_6276_2025_01_25_11_24_35_854898_RGB_640_480_3.png,972_6277_2025_01_25_11_24_35_954794_RGB_640_480_3.png,972_6279_2025_01_25_11_24_36_158718_RGB_640_480_3.png,972_6280_2025_01_25_11_24_36_288886_RGB_640_480_3.png,972_6281_2025_01_25_11_24_36_386262_RGB_640_480_3.png,background,boundary+high_pdi,,
134,1125,0977,36,3561.0,977_4392_2025_01_25_11_02_56_078591_RGB_640_480_3.png,977_4389_2025_01_25_11_02_55_777701_RGB_640_480_3.png,977_4390_2025_01_25_11_02_55_882875_RGB_640_480_3.png,977_4391_2025_01_25_11_02_55_988818_RGB_640_480_3.png,977_4393_2025_01_25_11_02_56_176965_RGB_640_480_3.png,977_4394_2025_01_25_11_02_56_268848_RGB_640_480_3.png,977_4395_2025_01_25_11_02_56_377262_RGB_640_480_3.png,background,boundary,,
135,1127,0978,18,1729.0,978_3068_2025_01_25_10_51_52_221656_RGB_640_480_3.png,978_3065_2025_01_25_10_51_51_909807_RGB_640_480_3.png,978_3066_2025_01_25_10_51_52_009319_RGB_640_480_3.png,978_3067_2025_01_25_10_51_52_109889_RGB_640_480_3.png,978_3069_2025_01_25_10_51_52_317133_RGB_640_480_3.png,978_3070_2025_01_25_10_51_52_419602_RGB_640_480_3.png,978_3071_2025_01_25_10_51_52_513047_RGB_640_480_3.png,background,boundary,,
136,1141,0983,33,3121.0,983_938_2025_01_25_10_40_50_562769_RGB_640_480_3.png,983_935_2025_01_25_10_40_50_264471_RGB_640_480_3.png,983_936_2025_01_25_10_40_50_358520_RGB_640_480_3.png,983_937_2025_01_25_10_40_50_458341_RGB_640_480_3.png,983_939_2025_01_25_10_40_50_664046_RGB_640_480_3.png,983_940_2025_01_25_10_40_50_759368_RGB_640_480_3.png,983_941_2025_01_25_10_40_50_874179_RGB_640_480_3.png,background,boundary,,
137,1147,0984,51,5175.0,984_5919_2025_01_25_11_13_26_820601_RGB_640_480_3.png,984_5916_2025_01_25_11_13_26_505868_RGB_640_480_3.png,984_5917_2025_01_25_11_13_26_624961_RGB_640_480_3.png,984_5918_2025_01_25_11_13_26_720462_RGB_640_480_3.png,984_5920_2025_01_25_11_13_26_930253_RGB_640_480_3.png,984_5921_2025_01_25_11_13_27_027775_RGB_640_480_3.png,984_5922_2025_01_25_11_13_27_129396_RGB_640_480_3.png,background,boundary,,
138,1160,0986,35,3494.0,986_3614_2025_01_25_10_58_10_710829_RGB_640_480_3.png,986_3611_2025_01_25_10_58_10_360289_RGB_640_480_3.png,986_3612_2025_01_25_10_58_10_478806_RGB_640_480_3.png,986_3613_2025_01_25_10_58_10_590414_RGB_640_480_3.png,986_3615_2025_01_25_10_58_10_814642_RGB_640_480_3.png,986_3616_2025_01_25_10_58_10_914062_RGB_640_480_3.png,986_3617_2025_01_25_10_58_11_010887_RGB_640_480_3.png,background,boundary,,
139,1169,0988,83,8025.0,988_5487_2025_01_25_11_10_00_135167_RGB_640_480_3.png,988_5484_2025_01_25_11_09_59_822675_RGB_640_480_3.png,988_5485_2025_01_25_11_09_59_921976_RGB_640_480_3.png,988_5486_2025_01_25_11_10_00_033090_RGB_640_480_3.png,988_5488_2025_01_25_11_10_00_231382_RGB_640_480_3.png,988_5489_2025_01_25_11_10_00_332361_RGB_640_480_3.png,988_5490_2025_01_25_11_10_00_431317_RGB_640_480_3.png,background,boundary,,
140,1178,0990,74,7227.0,990_6012_2025_01_25_11_17_46_951945_RGB_640_480_3.png,990_6009_2025_01_25_11_17_46_633562_RGB_640_480_3.png,990_6010_2025_01_25_11_17_46_744334_RGB_640_480_3.png,990_6011_2025_01_25_11_17_46_852523_RGB_640_480_3.png,990_6013_2025_01_25_11_17_47_049678_RGB_640_480_3.png,990_6014_2025_01_25_11_17_47_161573_RGB_640_480_3.png,990_6015_2025_01_25_11_17_47_263088_RGB_640_480_3.png,background,boundary,,
141,1181,0992,31,3075.0,992_3392_2025_01_25_10_54_11_604363_RGB_640_480_3.png,992_3389_2025_01_25_10_54_11_269731_RGB_640_480_3.png,992_3390_2025_01_25_10_54_11_376507_RGB_640_480_3.png,992_3391_2025_01_25_10_54_11_488840_RGB_640_480_3.png,992_3393_2025_01_25_10_54_11_697906_RGB_640_480_3.png,992_3394_2025_01_25_10_54_11_795125_RGB_640_480_3.png,992_3395_2025_01_25_10_54_11_883628_RGB_640_480_3.png,background,high_pdi,,
142,1197,0994,54,5370.0,994_2613_2025_01_25_10_49_30_199329_RGB_640_480_3.png,994_2610_2025_01_25_10_49_29_892507_RGB_640_480_3.png,994_2611_2025_01_25_10_49_29_987205_RGB_640_480_3.png,994_2612_2025_01_25_10_49_30_084406_RGB_640_480_3.png,994_2614_2025_01_25_10_49_30_307685_RGB_640_480_3.png,994_2615_2025_01_25_10_49_30_421278_RGB_640_480_3.png,994_2616_2025_01_25_10_49_30_513597_RGB_640_480_3.png,background,boundary+high_pdi,,
143,1203,0995,31,2939.0,995_3349_2025_01_25_10_54_02_976269_RGB_640_480_3.png,995_3346_2025_01_25_10_54_02_673376_RGB_640_480_3.png,995_3347_2025_01_25_10_54_02_784757_RGB_640_480_3.png,995_3348_2025_01_25_10_54_02_883857_RGB_640_480_3.png,995_3350_2025_01_25_10_54_03_083701_RGB_640_480_3.png,995_3351_2025_01_25_10_54_03_189099_RGB_640_480_3.png,995_3352_2025_01_25_10_54_03_287931_RGB_640_480_3.png,background,boundary,,
144,1229,1000,48,4543.0,1000_490_2025_01_25_10_31_03_186127_RGB_640_480_3.png,1000_487_2025_01_25_10_31_02_881526_RGB_640_480_3.png,1000_488_2025_01_25_10_31_02_985303_RGB_640_480_3.png,1000_489_2025_01_25_10_31_03_085422_RGB_640_480_3.png,1000_491_2025_01_25_10_31_03_287442_RGB_640_480_3.png,1000_492_2025_01_25_10_31_03_384975_RGB_640_480_3.png,1000_493_2025_01_25_10_31_03_486053_RGB_640_480_3.png,background,boundary,,
145,1249,10mf,44,4316.0,10mf_14774_2025_01_25_17_49_14_239045_RGB_640_480_3.png,10mf_14771_2025_01_25_17_49_13_921299_RGB_640_480_3.png,10mf_14772_2025_01_25_17_49_14_025369_RGB_640_480_3.png,10mf_14773_2025_01_25_17_49_14_127503_RGB_640_480_3.png,10mf_14775_2025_01_25_17_49_14_335714_RGB_640_480_3.png,10mf_14776_2025_01_25_17_49_14_423630_RGB_640_480_3.png,10mf_14777_2025_01_25_17_49_14_530328_RGB_640_480_3.png,background,boundary,,
146,1265,608azf,77,7616.0,608azf_13581_2025_01_25_17_33_15_390194_RGB_640_480_3.png,608azf_13578_2025_01_25_17_33_15_099332_RGB_640_480_3.png,608azf_13579_2025_01_25_17_33_15_209717_RGB_640_480_3.png,608azf_13580_2025_01_25_17_33_15_305722_RGB_640_480_3.png,608azf_13582_2025_01_25_17_33_15_495365_RGB_640_480_3.png,608azf_13583_2025_01_25_17_33_15_621379_RGB_640_480_3.png,608azf_13584_2025_01_25_17_33_15_732658_RGB_640_480_3.png,background,boundary+high_pdi,,
147,1266,66vdf,35,3462.0,66vdf_13623_2025_01_25_17_33_57_848828_RGB_640_480_3.png,66vdf_13620_2025_01_25_17_33_57_510128_RGB_640_480_3.png,66vdf_13621_2025_01_25_17_33_57_614647_RGB_640_480_3.png,66vdf_13622_2025_01_25_17_33_57_712503_RGB_640_480_3.png,66vdf_13624_2025_01_25_17_33_57_948380_RGB_640_480_3.png,66vdf_13625_2025_01_25_17_33_58_047209_RGB_640_480_3.png,66vdf_13626_2025_01_25_17_33_58_160493_RGB_640_480_3.png,background,high_pdi,,
148,1277,67vdf,84,8218.0,67vdf_13449_2025_01_25_17_30_54_351793_RGB_640_480_3.png,67vdf_13446_2025_01_25_17_30_54_051753_RGB_640_480_3.png,67vdf_13447_2025_01_25_17_30_54_147741_RGB_640_480_3.png,67vdf_13448_2025_01_25_17_30_54_252290_RGB_640_480_3.png,67vdf_13450_2025_01_25_17_30_54_453393_RGB_640_480_3.png,67vdf_13451_2025_01_25_17_30_54_562137_RGB_640_480_3.png,,background,boundary,,
149,1285,71azf,39,3838.0,71azf_13257_2025_01_25_17_26_41_066777_RGB_640_480_3.png,71azf_13254_2025_01_25_17_26_40_768530_RGB_640_480_3.png,71azf_13255_2025_01_25_17_26_40_863513_RGB_640_480_3.png,71azf_13256_2025_01_25_17_26_40_954075_RGB_640_480_3.png,71azf_13258_2025_01_25_17_26_41_153578_RGB_640_480_3.png,,,background,high_pdi,,
150,1286,802rof,25,2520.0,802rof_13478_2025_01_25_17_32_24_965908_RGB_640_480_3.png,802rof_13475_2025_01_25_17_32_24_683788_RGB_640_480_3.png,802rof_13476_2025_01_25_17_32_24_779085_RGB_640_480_3.png,802rof_13477_2025_01_25_17_32_24_872262_RGB_640_480_3.png,802rof_13479_2025_01_25_17_32_25_062610_RGB_640_480_3.png,802rof_13480_2025_01_25_17_32_25_169727_RGB_640_480_3.png,802rof_13481_2025_01_25_17_32_25_273919_RGB_640_480_3.png,background,high_pdi,,
